,title,modelno
618,avery shipping labels for color laser copier 3-3 4 x 4-3 4 matte white 100 pack,
780,sharpie pen retractable fine point pens black set of 2,
1738,3m dry-erase board porcelain 6 x4 aluminum frame,
1739,quartet premium dry-erase board in white with aluminum frame 48 w x 36 h,
1740,3m dry-erase board porcelain 8 x4 aluminum frame,
1909,logitech wireless mouse m310 bundle,
1980,verbatim 4gb tuff - n - tiny usb 2.0 flash drive green,
2050,seagate blackarmor nas 440 is a 4tb network attached storage server,
2436,canon cli-226 black ink tank,cli-226
2463,mercury luggage executive computer backpack,
2650,casio exilim ex-zs5 14.1 mp digital camera silver w 5x optical zoom 2.7 lcd display,ex-zs5
2855,filemate imagine series k2010 usb standard keyboard,k2010
2860,filemate imagine series m2810 usb standard mouse,m2810
3034,crown industrial deck plate antifatigue vinyl mat 36 x 144 black yellow border,
3035,crown industrial deck plate antifatigue vinyl mat 36 x 144 black,
3157,sanus powerbridge in wall power and cable management,
3159,targus tcm004us messenger notebook case,tcm004us
3174,pny 4gb micro swivel attache flash drive,
3353,pendaflex 15-pocket portafile expanding organizer black,
3368,wintec filemate 2pack 4gb micro sdhc memory card with sd adapter value bundle,
3421,pilot q7 retractable gel roller ball pen refill fine black 2 count 3-pack,
3426,pilot begreen b2p roller ball retractable gel ink pen red 5 count,
3444,green onions supply anti-glare screen protector for 17-inch wide laptop lcd screen -1 piece transparent,
3919,universal quick set-up lift-off lid box ltr lgl fiberboard 12 x 10 x 15 blk we 12 ctn,
4358,energizer er-p240 cordless phone battery,er-p240
4392,sparco products storage file box ltr string button cls 12 x24 x10-1 4 white,
4433,us brown bear desktop mount series double arm single monitor mount for 13 - 27 screens,
4466,kensington pro fit mobile wireless mouse with nano receiver black k72366us,k72366us
4812,centon 16gb datastick pro usb flash drive 2-pack bundle,
4814,centon 8gb datastick pro usb flash drive 2-pack bundle,
4856,bankers box super stor drawer file ltr steel plastic 12-3 4 x 23 x 10-1 2 blk we 6 ctn,
4924,microsoft sidewinder x6 keyboard,
5005,us brown bear large tilt low to profile mount for 32 to 63 displays in silver,
5007,us brown bear super slim series medium ultra low profile led tv mount for 23 - 37 displays,
5012,us brown bear fixed series medium slim fixed mount for 23 - 37 displays,
5089,targus sport notebook backpack,
5167,bic 0.9 mm mechanical pencil 10 ct. 3-pack,
5222,cardinal zippered binder pockets 8-1 2 x 11 clear 3 pack,
5247,sony 1gb memory stick pro duo mark 2 2-pack,
5296,wilson jones wallet file letter recycled kraft,
5297,wilson jones wallet file legal recycled kraft,
5309,elmer s 4-count washable school glue sticks - .24 oz 2 pack,
5340,universal manila file jackets with reinforced tabs 2 exp . letter,
5390,maxell 635128 8x dvd-r media,
5498,trendnet tv-ip312w wireless day night internet camera server with 2-way audio,tv-ip312w
5506,targus rg0315c pulse backpack notebook case,rg0315c
5546,avery metal rim key tags card stock metal 1-1 4 diameter 50 pack,
5707,peerless paramount universal tilting lcd plasma wall mount 32 to 60 screens,
5724,chief manufacturing dual swing arm lcd wall mount,
5769,memorex 52x write-once cd-r with lightscribe technology - 10 pack slim jewel case,
5800,hello kitty computer accessories bundle with keyboard wireless mouse and usb flash drive,
5812,aleratec inc cd dvd shredder,
5848,s j paper file jackets with 1 1 2 expansion letter 11 pt . manila 50 ctn,
5851,bushnell backtrack personal locator tech gray,
5871,3m porcelain marker board steel backed 6 x4 aluminum,
5875,us brown bear full motion series medium dual arm mount for 23 - 37 displays in silver,
5904,chief manufacturing fusion large tilt wall mount 37 - 63 screens,
5911,quartet horizontal format planning system porcelain 36 x 24 white aluminum frame,
5955,bankers box stor file dividerbox legal 15 x 24 x 10 white blue 12 per carton,
5966,basyx return shell 48-1 4 x24 x29 medium cherry,
5968,startech.com scsi22 cable,
5975,bic round stic ball pen black 1-dozen 3-pack,
5977,mead spiral bound wide rule notebook - 100 sheets 4 pack,
5984,kodak esp 3250 all-in-one printer value bundle,
6053,hp touchpad - touchstone charging dock stand,
6072,expo dry erase eraserxl with replaceable pad felt 10w x 2d,
6084,chief manufacturing projector ceiling mount kit,
6104,lorex lne1001 easy connect network ip camera,lne1001
6113,night owl zeus-810 16-channel h. 264 dvr kit with 1tb hard drive,zeus-810
6131,peerless slimline universal ultra slim tilt mount for 22 to 40 ultra thin screens weighing up to 60 lb,
6133,peerless paramount articulating flat panel wall arm 37 to 60 screens,
6139,da-lite advance tv quick link wall mount for 32 - 35 monitors,
6140,office star products 93 series leather visitors chair with loop arms black,
0,cinegray ezframe series fixed frame screen - 150 diagonal,
1,powergain prime vision series fixed frame screen - 135 diagonal,
3,cinewhite prime vision series fixed frame screen - 120 diagonal,
5,cinewhite cinema235 series fixed frame wide screen - 96 diagonal,cinema235
7,cinegray prime vision series fixed frame screen - 135 diagonal,
9,cinegray silverframe series silver fixed frame cinegray screen - 84 diagonal,
11,cinegray ezframe series fixed frame screen - 84 diagonal,
12,georgia bulldogs iphone 4 case silicone cover,
14,san antonio spurs iphone 4 case silicone cover,
17,texas longhorns iphone 4 case silicone cover,
20,lsu tigers iphone 4 case silicone cover,
23,utah jazz iphone 4 case silicone cover,
25,wisconsin badgers iphone 4 case silicone cover,
27,iowa hawkeyes iphone 4 case silicone cover,
30,penn state nittany lions iphone 4 case silicone cover,
31,alabama crimson tide iphone 4 case silicone cover,
33,michigan wolverines iphone 4 case silicone cover,
36,ohio state buckeyes iphone 4 case silicone cover,
39,boston bruins iphone 4 case silicone cover,
43,innovera pc201 compatible thermal print cartridge ribbon black,pc201
44,innovera 104 - 104 compatible toner 2000 page-yield black,
48,new-innovera d2130b - d2130b compatible high-yield toner 2500 page-yield black - ivrd2130b,ivrd2130b
50,ld compatible high yield black laser toner cartridge for lexmark 12a5845,12a5845
52,ld compatible samsung mlt-d209l high yield black laser toner cartridge,mlt-d209l
55,innovera 106 - 106 compatible toner 5000 page-yield black,106
64,innovera e40 - 15026363 compatible high-yield toner 4000 page-yield black,e40
66,innovera d5310 - d5310 compatible reman extra high-yield toner 30000 page-yield black,d5310
70,da-lite 27514 da-plex unframed rear projection screen - 108 x 144 video format,27514
107,da-lite 27660 da-glas deluxe rear projection screen - 72 x 96 video format,27660
163,da-plex base rear projection screen - 43 1 4 x 57 3 4 video format,
201,da-glas base rear projection screen - 70 x 70 av format,
229,da-plex deluxe rear projection screen - 108 x 108 av format,
262,da-lite 27512 da-plex unframed rear projection screen - 72 x 96 video format,27512
282,da-lite 27673 da-glas self trimming rear projection screen - 96 x 96 av format,27673
297,da-lite 27912 da-glas unframed rear projection screen - 96 x 120 av format,27912
326,da-lite holo screen - projection screen rear,
353,da-lite 27639 da-glas standard rear projection screen 72 x 96 video format,27639
371,da-lite 27651 da-glas deluxe rear projection screen - 96 x 96 av format,27651
426,da-lite 27658 da-glas deluxe rear projection screen - 57 3 4 x 77 video format,27658
439,da-lite 20032 holoscreen rear projection screen - 33 x 50 1 2 video format,20032
515,new-hon s60abcq - metal bookcase 4 shelves 34-1 2w x 12-5 8d x 59h light gray - hons60abcq,hons60abcq
516,new-hon s72abcl - metal bookcase 5 shelves 34-1 2w x 12-5 8d x 71h putty - hons72abcl,hons72abcl
517,new-hon s72abcq - metal bookcase 5 shelves 34-1 2w x 12-5 8d x 71h light gray - hons72abcq,hons72abcq
518,hon s60abcl - metal bookcase 4 shelves 34-1 2w x 12-5 8d x 59h putty,s60abcl
519,new-hon s82abcq - metal bookcase 6 shelves 34-1 2w x 12-5 8d x 81-1 8h light gray - hons82abcq,s82abcq
520,new-hon s82abcs - metal bookcase 6 shelves 34-1 2w x 12-5 8d x 81-1 8h charcoal - hons82abcs,s82abcs
539,xer108r00647 - imaging unit for xerox phaser 7400 color laser printer,xer108r00647
593,cs hp ce250x black toner cartridge hp color laserjet cm3530,cm3530
608,white oem incipio smart feather ultra thin case ipad-235 for apple ipad 2 use w apple smart cover,
618,avery 5692 - laser cd dvd labels matte white 40 pack,5692
620,da-plex standard rear projection screen - 96 x 96 av format,
652,da-glas self trimming rear projection screen - 70 x 70 av format,
663,da-glas self trimming rear projection screen - 60 x 80 video format,
676,da-glas base rear projection screen - 36 x 48 video format,
689,da-plex standard rear projection screen - 81 x 108 video format,
721,da-glas base rear projection screen - 43 1 4 x 57 3 4 video format,
739,holoscreen rear projection screen - 66 x 101 video format,
760,new-sharpie 32730pp - retractable permanent markers fine point assorted 8 set - san32730pp,san32730pp
763,sharpie 35074 - permanent marker extra fine point assorted 4 set,35074
767,sharpie fine tip permanent marker - black - 5 pack,
772,new-sharpie 37172 - permanent markers ultra fine point assorted 12 set - san37172,san37172
775,sharpie 32003 - twin-tip permanent marker fine ultra fine point blue,32003
777,sharpie 32701 - retractable permanent marker fine point black,32701
782,sharpie 30078 - permanent markers fine point assorted 8 set,30078
786,sharpie 33074 - super permanent markers fine point assorted 4 set,33074
790,sharpie 37675 - permanent markers ultra fine point assorted colors 5 set,37675
795,sharpie 32001 - twin-tip permanent marker fine ultra fine point black,32001
799,sharpie 37074 - permanent markers ultra fine point assorted 4 set,37074
803,san36701 - permanent marker retractable fine point black,san36701
805,new-sharpie 32707 - retractable permanent markers fine point asstd . 12 set - san32707,san32707
814,honey maple veneer model b manual screen with high power fabric - av format size 60 x 60,
821,natural walnut veneer model b manual screen with matte white fabric - diagonal video format size 60 x 60 diagonal,
828,light oak veneer model b manual screen with matte white fabric - diagonal video format size 60 x 60 diagonal,
834,da-lite advantage manual with csr - projection screen - 1 1 - high power,
839,da-lite advantage manual with csr - projection screen - 1 1 - high power,
844,heritage walnut veneer model b manual screen with matte white fabric - diagonal video format size 60 x 60 diagonal,
851,heritage walnut veneer model b manual screen with high power fabric - av format size 60 x 60,
855,new-sharpie 37001 - permanent markers ultra fine point black dozen - san37001,san37001
856,new-sharpie 1738519 - grip permanent marker fine point black dozen - san1738519,san1738519
857,sharpie 39100 - metallic permanent marker fine point metallic silver dozen,39100
858,sharpie 37121 - permanent marker ultra fine point black,37121
863,new-bic gpm11bk - mark-it permanent markers fine point tuxedo black dozen - bicgpm11bk,bicgpm11bk
864,san37101 - marker permanent ultra fine point black,san37101
865,da-lite - projection screen repair kit,
868,da-lite 27903 da-plex self trimming rear projection screen - 96 x 120 av format,27903
882,da-lite - projection screen repair kit,
918,da-lite 27565 da-plex deluxe rear projection screen - 72 x 96 video format,27565
937,da-lite 27578 da-plex self trimming rear projection screen - 96 x 96 av format,27578
948,da-lite 27597 da-glas unframed rear projection screen - 96 x 96 av format,27597
960,da-lite 27637 da-glas standard rear projection screen 57 3 4 x 77 video format,27637
970,da-lite fast-fold deluxe screen system - projection screen - 4 3 - da-mat,
1025,powergain prime vision series fixed frame screen - 120 diagonal,
1026,cinegray silverframe series silver fixed frame cinegray screen - 92 diagonal,
1027,mygear products 2 clear 2 anti-glare 2 anti-fingerprint combo pack screen protectors for ipad 2 combo pack,
1057,ipad 2 anti-fingerprint screen protector,
1058,dalite manual wall and ceiling screen accessory pull rod projection screen,
1071,da-plex base rear projection screen - 57 3 4 x 77 video format,
1083,da-lite 27636 da-glas standard rear projection screen 50 1 2 x 67 1 4 video format,27636
1112,new-c-line 61008 - top-load poly sheet protectors super-heavy letter non-glare 50 box - cli61008,cli61008
1113,new-avery 75091 - top-load poly three-hole sheet protectors economy gauge letter 100 box - ave75091,ave75091
1114,new-avery 73900 - top-load vinyl sheet protectors heavy gauge letter clear 100 box - ave73900,ave73900
1115,avery 74100 - top-load poly sheet protectors hvy gauge letter diamond clear 100 box,74100
1116,new-universal 21124 - top-load poly sheet protectors standard gauge letter clear 50 box - unv21124,unv21124
1117,new-secure top sheet protectors heavy gauge letter case pack 2 - 508763,508763
1118,new-c-line 62028 - top-load polypropylene sheet protectors heavy gauge ltr clear 100 box - cli62028,cli62028
1119,avery 74301 - top-load bound poly sheet protector sets standard gauge letter 10 pages,74301
1120,c-line 62097 - top-load polypropylene sheet protectors heavy gauge letter 200 box,62097
1121,new-c-line 61003 - top-load poly sheet protectors super-heavy letter clear 50 box - cli61003,cli61003
1150,da-lite tensioned advantage deluxe electrol - projection screen motorized - 92 in - 16 9 - pearlescent,
1152,hc cinema perf tensioned advantage electrol - wide format size wide 94 diagonal,
1158,da-lite tensioned advantage deluxe electrol - projection screen rear motorized - 133 in - 16 9 - da-tex,
1160,hc cinema perf tensioned advantage electrol - wide format 113 diagonal,
1165,da-lite tensioned advantage deluxe electrol - projection screen motorized - 92 in - 16 9 - cinema vision,
1166,da-lite 98812 cinema vision tensioned cosmopolitan electrol - av format 12 x 12 diagonal,98812
1175,da-lite 98813 hc da-mat tensioned cosmopolitan electrol - av format 10 6 x 14 diagonal,98813
1185,da-lite tensioned advantage deluxe electrol - projection screen motorized - 100 in - 4 3 - audio vision,
1186,hc da-mat tensioned advantage electrol - av format 50 x 50,
1190,da-lite 98801 hc da-mat tensioned cosmopolitan electrol - video format 210 diagonal,98801
1197,hc matte white advantage deluxe electrol - wide format size wide 94 diagonal,
1201,hc cinema perf tensioned advantage deluxe electrol - hdtv format size 92 diagonal,
1207,da-lite 98810 hc da-mat tensioned cosmopolitan electrol - av format 12 x 12 diagonal,98810
1215,da-lite 97974 hc cinema vision tensioned cosmopolitan electrol - video format 210 diagonal,97974
1219,da-tex rear tensioned advantage electrol - wide format size wide 94 diagonal,
1223,da-lite tensioned advantage deluxe electrol - projection screen motorized - 92 in - 16 9 - high contrast da-mat,
1225,high power advantage deluxe electrol - av format size 6 x 8 diagonal,
1229,da-lite 98811 pearlescent tensioned cosmopolitan electrol - av format 12 x 12 diagonal,98811
1236,da-lite tensioned advantage deluxe electrol - - 133 in - 16 9 - pearlescent,
1239,hc da-mat tensioned advantage electrol - wide format size wide 94 diagonal,
1244,da-lite tensioned advantage deluxe electrol - projection screen motorized - 92 in - 16 9 - high contrast audio vision,
1245,hc cinema vision tensioned advantage deluxe electrol - av format size 50 x 50,
1250,da-lite tensioned advantage deluxe electrol - projection screen motorized - 92 in - 16 9 - high contrast cinema vision,
1251,da-plex base rear projection screen - 40 1 4 x 53 3 4 video format,
1264,chicago bulls iphone 3g duo case,
1266,boston red sox pink iphone 4 hard case,
1269,new york yankees pink iphone 4 hard case,
1272,chicago blackhawks iphone 3g duo case,
1273,chicago cubs pink iphone 4 hard case,
1275,da-lite fast-fold deluxe screen system - projection screen - 16 9 - da-mat,
1278,high power designer contour manual screen with csr and top black drop - 45 x 80 hdtv format size 52 x 92,
1279,da-lite designer contour manual with csr - projection screen - 1 1 - matte white,
1281,da-lite designer contour manual with csr - projection screen - 4 3 - matte white - white,
1283,high contrast matte white designer contour manual screen with csr - av format size 60 x 60,
1287,da-lite designer contour manual hdtv format wall ceiling mounted screen 45 x 80 92 diagonal high power surface with csr controlled screen return,
1288,new-hon 10546lnn - 10500 series 3 4-height left pedestal credenza 72w x 24d x 29-1 2h mahogany - hon10546lnn,10546lnn
1289,hon 10771nn - 10700 series desk 3 4-height double pedestals 60w x 30d x 29-1 2h mahogany,10771nn
1291,hon 10741nn - 10700 kneespace credenza full-height pedestals 72w x 24d x 29-1 2h mahogany,10741nn
1292,hon 34002rzp - 34000 series right pedestal desk 45-1 4w x 24d x 29-1 2h columbian walnut blk,34002rzp
1293,new-hon 10707rcc - 10700 series right pedestal credenza 72w x 24d x 29-1 2h harvest - hon10707rcc,10707rcc
1294,hon 10741jj - 10700 kneespace credenza full-height pedestals 72w x 24d x 29-1 2h henna cy,10741jj
1295,hon 34002rcl - 34000 series right pedestal desk 45-1 4w x 24d x 29-1 2h harvest putty,34002rcl
1296,new-hon 10707rnn - 10700 series right pedestal credenza 72w x 24d x 29-1 2h mahogany - hon10707rnn,10707rnn
1297,hon 105520nn - 10500 series two-shelf end cap bookshelf 24w x 24d x 29-1 2h mahogany,105520nn
1298,new-hon 107497mm - 10700 series computer credenza 72w x 24d x 29-1 2h medium oak - hon107497mm,107497mm
1299,new-hon 10707rjj - 10700 series right pedestal credenza 72w x 24d x 29-1 2h henna cherry - hon10707rjj,10707rjj
1300,new-hon 10741jj - 10700 kneespace credenza full-height pedestals 72w x 24d x 29-1 2h henna cy - hon10741jj,10741jj
1301,da-lite advantage manual with csr - projection screen - 4 3 - video spectra 1.5 - white,
1306,da-lite designer contour manual hdtv format wall ceiling mounted screen 45 x 80 92 diagonal video spectra 1.5 surface with csr controlled screen return,
1308,da-lite model b with csr - projection screen - 1 1 - video spectra 1.5,
1314,da-lite designer contour manual hdtv format wall ceiling mounted screen 52 x 92 106 diagonal video spectra 1.5 surface with csr controlled screen return,
1316,video spectra 1.5 model c manual screen - av format - 6 x8 - 8 x10 size 6 x 8,
1324,da-lite manual 92 diagonal hdtv format home theater wall screen with video spectra 1.5 fabric,
1413,medium oak veneer model b manual screen with high power fabric - av format size 60 x 60,
1430,da-lite 97986 hc cinema vision tensioned cosmopolitan electrol - av format 12 x 12 diagonal,97986
1436,hc matte white advantage electrol - wide format size wide 94 diagonal,
1443,da-lite 98814 pearlescent tensioned cosmopolitan electrol - av format 10 6 x 14 diagonal,98814
1449,da-lite 97989 da-tex rear tensioned cosmopolitan electrol - av format 10 6 x 14 diagonal,97989
1543,hewlettpkr q7516a hp 16a toner 12 000 page-yield black,q7516a
1545,lexmark 12035sa - 12035sa toner 2000 page-yield black,12035sa
1550,c540h1kg high-yield toner 2500 page-yield black,c540h1kg
1554,lexmark 24035sa - 24035sa toner 2 500 page-yield black,24035sa
1559,64015sa toner 6000 page-yield black,64015sa
1560,lexmark 12a7465 - 12a7465 extra high-yield toner 32000 page-yield black,12a7465
1562,lexmark 08a0476 - 08a0476 toner 3000 page-yield black,08a0476
1563,new-lexmark 12a6860 - 12a6860 toner 10000 page-yield black - lex12a6860,lex12a6860
1564,lexmark t654x11a - t654x11a extra high-yield toner 36000 page-yield black,t654x11a
1569,x651h11a high-yield toner 25000 page-yield black,x651h11a
1573,new-lexmark 1382920 - 1382920 toner 3000 page-yield black - lex1382920,lex1382920
1574,smead 17940 - folders two fasteners 1 3 cut assorted top tab legal yellow 50 box,17940
1575,smead 24135 - folders 1 3 cut top reinforced end tab letter manila 100 box,24135
1578,smead 10388 - guide height file folders 2 5 cut two-ply top tab letter manila 100 box,10388
1580,smead 10335 - file folder 1 3 cut first position reinforced top tab letter manila 100 box,10335
1582,smead 10301 - supertab file folders 1 3 cut top tab letter manila 100 box,10301
1584,smead 17140 - folders two fasteners 1 3 cut assorted top tab legal green 50 box,17140
1585,smead 15338 - antimicrobial file folders 1 3 cut top tab legal manila 100 box,15338
1587,new-smead 10565 - acid-free poly folder two fasteners 1 3 cut top tab legal manila 24 box - smd10565,smd10565
1588,new-pendaflex m13u13 - folders with two bonded fasteners 1 3 cut top tab letter manila 50 box - essm13u13,essm13u13
1590,smead 14813 - kraft k style fastener folders straight cut top tab letter brown 50 box,14813
1591,smead 10334 - file folders 1 3 cut assorted reinforced top tab letter manila 100 box,10334
1597,guardian 24020302 - air step antifatigue mat polypropylene 24 x 36 black,24020302
1598,guardian 24031202 - air step antifatigue mat polypropylene 36 x 144 black,24031202
1603,private eye privacy screen protector film for apple ipad 2-way protection,
1622,new-crown te0035ac - tire-track scraper mat needlepunch polypropylene vinyl 36 x 60 anthracite - cwnte0035ac,cwnte0035ac
1624,new-crown te0046gy - tire-track scraper mat needlepunch polypropylene vinyl 48 x 72 gray - cwnte0046gy,cwnte0046gy
1626,new-crown te0046ac - tire-track scraper mat needlepunch polypropylene vinyl 48 x 72 anthracite - cwnte0046ac,cwnte0046ac
1641,lexmark oem 36 black inkjet cartridge,
1656,12a6830 black lexmark laser toner cartridge,12a6830
1692,quartet b244ma - prestige bulletin board graphite-blend cork 48 x 36 maple frame,b244ma
1694,new-quartet b247ma - prestige bulletin board graphite-blend cork 72 x 48 maple frame - qrtb247ma,qrtb247ma
1715,canon mp11dx soft touch printing calculator,mp11dx
1716,canon 6995a001aa desktop printing calculator,6995a001aa
1718,canon mp41dhii - mp41dhii two-color printing calculator 14-digit gloview lcd black red,mp41dhii
1723,canon pidhv 9493a001ac printing calculator,9493a001ac
1738,new-quartet p563t - euro frame dry-erase board porcelain steel 36 x 24 white aluminum frame - qrtp563t,qrtp563t
1741,new-quartet 2544 - magnetic dry-erase board porcelain 48 x 36 white aluminum frame - qrt2544,qrt2544
1743,3m m7248a - melamine dry erase board 72 x 48 aluminum frame,m7248a
1745,new-quartet p564t - euro frame dry-erase board porcelain steel 48 x 36 white aluminum frame - qrtp564t,qrtp564t
1747,acco brands inc. 2548 magnetic dry-erase board porcelain 96 x 48 white aluminum frame,
1766,hc cinema perf tensioned cosmopolitan electrol - wide format size wide 94 diagonal,
1769,da-lite 97978 hc cinema vision tensioned cosmopolitan electrol - video format 220 diagonal,97978
1774,da-lite manual 84 x 84 diagonal square format office wall screen with cherry veneer case and matte white fabric,
1776,da-lite manual 120 diagonal video format home theater wall screen with concord veneer case and matte white fabric,
1780,medium oak veneer model b manual screen with matte white fabric - diagonal video format size 60 x 60 diagonal,
1788,da-lite manual 84 diagonal video format home theater wall screen with concord veneer case and matte white fabric,
1790,da-lite manual 72 x 96 diagonal square format office wall screen with mahogany veneer case and matte white fabric,
1792,honey maple veneer model b manual screen with matte white fabric - diagonal video format size 60 x 60 diagonal,
1796,da-lite manual 64 x 84 diagonal square format office wall screen with cherry veneer case and matte white fabric,
1844,ld epson t018201 t018 color remanufactured ink cartridge,t018201
1847,canon remanufactured cl-41 color ink cartridge,cl-41
1868,ld epson s020089 s191089 color compatible ink cartridge,s191089
1894,ld epson t037020 t037 color remanufactured ink cartridge,t037020
1896,new-targus red tg-6660tr tripod with 3-way panhead 66 - meytg6660tr,meytg6660tr
1898,tabletop tripod with 3-way panhead,
1970,hon 514pp - 510 series four-drawer full-suspension file letter 52h x25d black,514pp
1971,hon 214cpq - 210 series four-drawer full-suspension file legal 28-1 2d light gray,214cpq
1972,hon 214pl - 210 series four-drawer full-suspension file letter 28-1 2d putty,214pl
1973,hon 512pp - 510 series two-drawer full-suspension file letter 29h x25d black,512pp
1976,hon 315cps - 310 series five-drawer full-suspension file legal 26-1 2d charcoal,315cps
1978,new-verbatim 95237 - store n go pro usb flash drive 4gb - ver95237,ver95237
1981,new-verbatim 96663 - store n go pro usb flash drive 16gb - ver96663,ver96663
1986,verbatim 95183 - store n go usb flash drive 2gb,95183
1990,verbatim 96317 store n go usb flash drive 16 gb computer media usb storage media drives,96317
1995,verbatim 96806 store n go usb flash drive 32 gb,96806
1999,verbatim 96317 - store n go usb flash drive 16gb,96317
2005,comprehensive cables standard series hd15 plug to jack cable 25ft,
2007,comprehensive cables standard series hd15 plug to jack cable 3ft,
2009,comprehensive spp 1 4 standard phone plug cable end set of 25,
2010,comprehensive mp 3.5 mm mini plug cable end set of 25,
2019,new-tl86109 dect6 .0 2-line corded cordless phone with digital answering - atttl86109,atttl86109
2027,panasonic dect 6.0 expandable cordless phone with talking caller id answering system - 4 handset pack,
2028,panasonic dect 6.0 expandable cordless phone with talking caller id answering system - 2 handset pack,
2056,hp c6979a - premium photo paper 64 lbs . glossy 8-1 2 x 11 50 sheets pack,c6979a
2057,innovera 99546 - high-gloss photo paper 4 x 6 100 sheets pack,99546
2058,innovera 99450 - glossy photo paper 8-1 2 x 11 50 sheets pack,99450
2059,innovera 99650 - heavyweight photo paper matte 8-1 2 x 11 50 sheets pack,99650
2060,new-innovera 99450 - glossy photo paper 8-1 2 x 11 50 sheets pack - ivr99450,ivr99450
2061,hp semi-gloss everyday photo paper 8-1 2 x 11 100 sheets per pack,
2062,canon 7981a004 - photo paper plus matte 8-1 2 x 11 50 sheets pack,7981a004
2063,new-innovera 99750 - presentation paper matte 8-1 2 x 11 50 sheets pack - ivr99750,ivr99750
2067,kodak easyshare c183 14mp digital camera w 3x optical zoom 3.0 inch lcd black,c183
2083,bic rtr7711rd - triumph 730rt roller ball retractable gel pen red ink medium dozen,rtr7711rd
2084,wausau paper 60902 - exact colored paper 24lb 8-1 2 x 11 assorted 500 sheets ream,60902
2085,wausau paper 21289 - astrobrights colored paper 24lb 8-1 2 x 11 assorted 500 sheets ream,21289
2086,wausau paper 32522 - exact colored paper 20lb 8-1 2 x 14 blue 500 sheets ream,32522
2087,universal 11202 - colored paper 20lb 8-1 2 x 11 blue 500 sheets ream,11202
2089,astrobright paper 24lb 8-1 2 x11 planetary purple .,24lb
2090,new-wausau paper 60902 - exact colored paper 24lb 8-1 2 x 11 assorted 500 sheets ream - wau60902,wau60902
2107,da-lite model c hdtv format manual wall and ceiling screen 78 x 139 159 diagonal silver matte surface,
2123,innovera 83608 - 83608 compatible solid ink stick 1 133 page-yield 7 pack black,83608
2125,innovera dr350 - dr350 compatible reman drum 12 000 page yield black,dr350
2127,new-7653 compatible ink 8000 page-yield red case pack 1 - 513443,513443
2128,innovera 86430 - 86430 compatible remanufactured high-yield toner 12000 page-yield black,86430
2129,innovera ml2250 - ml2250 compatible remanufactured toner 5000 page-yield black,ml2250
2131,innovera m4646 - m4646 compatible ink 588 page-yield tri-color,m4646
2133,innovera b435a - b435a compatible toner 1500 page-yield black,b435a
2136,innovera 860320 compatible remanufactured ink 600 page-yield magenta,860320
2171,14 ft cat5e snagless patch cable grey,cat5e
2218,new-pendaflex 421013vio - interior file folders 1 3 cut top tab letter violet 100 box - ess421013vio,ess421013vio
2219,new-cutless file folders 1 3 cut top tab letter case pack 2 - 444205,444205
2220,new-pendaflex r15213asst - two-ply reinforced file folders 1 3 cut top tab letter assorted 100 box - essr15213asst,essr15213asst
2221,new-smead 10314 - watershed file folders 1 3 cut top tab letter manila 100 box - smd10314,smd10314
2223,smead 10343 - watershed cutless file folders 1 3 cut top tab letter manila 100 box,10343
2225,new-pendaflex 48440 - cutless file folders 1 3 cut top tab letter assorted 100 box - ess48440,ess48440
2226,new-pendaflex earthwise 04342 - recycled file folders 1 3 cut top tab letter natural 100 box - ess04342,ess04342
2228,new-pendaflex 00515 - hot pocket poly file folders 1 3 cut top tab letter assorted 25 box - ess00515,ess00515
2229,new-smead 10434 - reinforced tab manila file folder 1 3 cut top tab letter 100 box - smd10434,smd10434
2231,smead 11961 - supertab file folders 1 3 cut top tab letter assorted colors 100 box,
2233,new-pendaflex essentials 753 - essentials file folders straight cut top tab legal manila 100 box - ess753,ess753
2234,pendaflex 00515 - hot pocket poly file folders 1 3 cut top tab letter assorted 25 box,00515
2235,smead 10326 - folders 1 2 cut assorted reinforced top tab letter manila 100 box,10326
2237,pendaflex 62699 - archival pressboard file folders 1 3 cut top tab letter manila 100 box,62699
2239,smead 12634 - file folders 1 3 cut reinforced top tab letter pink 100 box,12634
2241,smead 10235 - interior file folders 1 3 cut top tab letter aqua 100 box,10235
2243,pendaflex 421013 - interior file folders 1 3 cut top tab letter manila 100 box,421013
2246,new-pendaflex m13u1 - folders with one bonded fastener 1 3 cut top tab letter manila 50 box - essm13u1,essm13u1
2247,smead 10300 - file folders straight cut one-ply top tab letter manila 100 box,10300
2249,new-smead 10343 - watershed cutless file folders 1 3 cut top tab letter manila 100 box - smd10343,smd10343
2250,new-pendaflex 421013 - interior file folders 1 3 cut top tab letter manila 100 box - ess421013,ess421013
2252,new-smead 15230 - interior file folders 1 3 cut top tab legal manila 100 box - smd15230,smd15230
2254,new-smead 10338 - antimicrobial one-ply file folders 1 3 cut top tab letter manila 100 box - smd10338,smd10338
2256,smead 10347 - recycled two-ply file folders 1 3 cut top tab letter manila 100 box,10347
2259,pendaflex 22000 - double-ply tabbed file jackets letter manila 100 box,
2262,serif photoplus essentials software,
2263,serif webplus essentials software,
2290,oki 52111701 - 52111701 toner 1500 page-yield black,52111701
2293,e260a21a toner 3500 page-yield black,e260a21a
2295,24015sa toner 6000 page-yield black,24015sa
2297,oki 52117101 - 52117101 toner 33000 page-yield black,52117101
2299,b436a compatible toner 2000 page-yield black,
2302,52117101 toner 33000 page-yield black,
2358,dane-elec 4gb class 4 sdhc memory card,
2369,4gb edge proshot sdhc memory card class6,
2383,panasonic dect 6.0 expandable digital cordless phone with talking caller id answering system - 2 handset pack,
2389,panasonic dect 6.0 plus expandable cordless phone with alarm clock talking caller id and digital answering system,
2418,smead 75114 - 1 3 4 inch expansion end tab file pockets straight tab letter manila 25 box,75114
2419,smead 24109 - folders straight cut reinforced end tab letter manila 100 box,24109
2420,smead 27250 - folders straight cut single-ply extended end tab legal manila 100 box,27250
2421,new-smead 24109 - folders straight cut reinforced end tab letter manila 100 box - smd24109,smd24109
2422,smead 34215 - heavyweight folders two fasteners end tab letter 14 point manila 50 box,34215
2423,new-smead 24210 - heavyweight folders straight two-ply end tab letter manila 50 box - smd24210,smd24210
2424,new-smead 24117 - folders front back interior pockets straight end tab letter manila 25 box - smd24117,smd24117
2425,smead 24210 - heavyweight folders straight two-ply end tab letter manila 50 box,24210
2426,new-smead 34100 - reinforced end tab pocket folder fastener straight cut letter manila 50 box - smd34100,smd34100
2428,new-smead 24100 - shelf folders straight cut single-ply end tab letter manila 100 box - smd24100,smd24100
2429,smead 75124 - 3 1 2 inch expansion end tab file pockets straight tab letter manila 25 box,75124
2431,new-pendaflex 16651 - pocket folders straight cut top tab letter manila 50 box - ess16651,ess16651
2433,smead 24127 - folders 1 2 cut top reinforced end tab letter manila 100 box,24127
2456,da-lite manual 84 x 84 square format office wall screen with hamilton veneer case and matte white fabric,
2458,da-lite manual 84 x 84 square format office wall screen with lexington veneer case and matte white fabric,
2461,maxell 631004 blu-ray disc rewritable,631004
2463,executive computer backpack,
2464,1560-6 desktop calculator 12-digit fluorescent two-color printing black red,1560-6
2465,p170dh desktop calculator 12-digit fluorescent two-color printing black red,p170dh
2468,sharp el1192bl two-color printing calculator calculator prting desktop pack of2,el1192bl
2612,new-smead 18776 - pressboard classification folders legal four-section gray-green 10 box - smd18776,smd18776
2613,new-smead 29781 - pressboard end tab classification folders legal six-section blue 10 box - smd29781,smd29781
2614,smead 19076 - pressboard classification folders tab legal six-section gray-green 10 box,19076
2615,new-smead 19076 - pressboard classification folders tab legal six-section gray-green 10 box - smd19076,smd19076
2616,new-smead 13775 - pressboard classification folders self tab letter four-section red 10 box - smd13775,smd13775
2617,smead 26865 - pressboard end tab classification folders letter eight-section red 10 box,26865
2618,new-universal 10311 - pressboard classification folders legal six-section cobalt blue 10 box - unv10311,unv10311
2619,pendaflex 2157r - pressboard classification folders legal four-section red 10 box,2157r
2620,universal 10316 - pressboard end tab classification folders legal six-section red 10 box,10316
2621,new-pendaflex 2257r - pressboard classification folders legal six-section red 10 box - ess2257r,ess2257r
2622,smead 19075 - pressboard classification folders wself tab legal six-section red 10 box,19075
2623,new-smead 14230 - pressboard classification folders metal tab letter six-section red 10 box - smd14230,smd14230
2624,universal 10214 - pressboard classification folders legal four-section yellow 10 box,10214
2625,thinkpad x60 tablet digitizer pen,
2627,pentel al27tc - icy automatic pencil 0.70 mm transparent blue barrel,al27tc
2628,pentel p1035a - sharp kerry automatic pencil 0.50 mm black barrel,p1035a
2629,pentel pd277ta - twist-erase click automatic pencil 0.7 mm black barrel,pd277ta
2630,pentel icy automatic pencil 0.70 mm transparent blue barrel,
2649,sanyo blue vpc-t1495bl 14mp digital camera w 5x optical zoom 2.7 lcd display,vpc-t1495bl
2699,energizer nimh battery charger,
2724,hc da-mat tensioned advantage deluxe electrol - hdtv format size 92 diagonal,
2726,da-lite 97991 dual vision tensioned cosmopolitan electrol - av format 10 6 x 14 diagonal,97991
2738,hon 105817rcc - 10500 series curved return right 42w x 18-24d x 29-1 2h harvest,105817rcc
2739,hon 105818lcc - 10500 series curved return left 42w x 24-18d x 29-1 2h harvest,105818lcc
2764,new-purple couleur series ear buds - de6235,
2769,lexmark t650 series print cartridge 7000 yield - genuine oem toner,t650
2781,i-tec t6020 ipad r anti-glare screen protector,t6020
2783,i-tec t7035 iphone 4 safe shield screen protector,t7035
2789,mivizu blackberry playbook case - genuine leather cover for blackberry playbook tablet pc - black,
2794,new-wilson jones 21401 - super heavy weight sheet protector non-glare finish clear 50 box - wlj21401,wlj21401
2796,new-wilson jones 21402 - super heavy weight sheet protector clear 25 box - wlj21402,wlj21402
2798,maxwhite-fiberglass home2 series 47.7 overall height electric motorized screen - 75 diagonal in white case size 100 diagonal in white case,
2801,maxwhite vmax2 plus2 series 116.5 overall height ezelectric motorized screen - 135 diagonal in white case,
2804,maxwhite vmax2 series ezelectric motorized screen - size 99 diagonal in black case,
2817,da-lite tensioned advantage deluxe electrol - projection screen rear motorized - 92 in - 16 9 - da-tex,
2818,new-oki 42103001 - 42103001 toner 3000 page-yield black - oki42103001,oki42103001
2836,microsoft mobile wireless mouse 3500 purple,
2862,verbatim dvd-r 16x 4.7 gb 120min white inkjet printable 50 pk,
2876,raptor-gaming m3x laser gaming mouse,
2878,a4 tech laser gaming mouse,
2912,printer roller cleaner removes excess toner paper particles 8-1 2 x11 10 box rrtrr1237,rrtrr1237
2944,silver vg-110 12mp digital camera with 4x optical zoom and 2.7 lcd,vg-110
2950,new-sharpie 75847 - permanent markers ultra fine point assorted 24 set - san75847,san75847
2952,avery r marks-a-lot r retractable permanent pen-style fine-point markers assorted colors pack of 4,
2953,sharpie 1753180 - porous point retractable permanent water resistant pen red ink fine,1753180
2955,sharpie 1735794 - retractable ultra fine tip permanent marker black blue red 3 set,1735794
2958,sharpie 37030pp - cd dvd markers fine ultra fine point assorted 4 set,37030pp
2960,san36703 - permanent marker retractable fine point blue,san36703
2963,san1742025 - sharpie markers retractable ultra fine assorted colors,san1742025
2983,new-14 snagless molded boot cat5e patch cable - green - t56186,t56186
3007,new-quartet b247lc - prestige bulletin board graphite-blend cork 72 x 48 cherry frame - qrtb247lc,qrtb247lc
3009,new-scosche fptag ipod touch 4g anti-glare screen protectors 2 pk - sisfptag,sisfptag
3034,new-crown cd0035yb - industrial deck plate antifatigue mat vinyl 36 x 60 black yellow border - cwncd0035yb,cwncd0035yb
3036,new-crown cd0035db - industrial deck plate antifatigue mat vinyl 36 x 60 black - cwncd0035db,cwncd0035db
3047,primera tri-color ink cartridge,
3053,new york knicks iphone 4 case black shell,
3056,chicago bulls iphone 4 case black shell,
3059,georgetown hoyas iphone 4 case black shell,
3061,detroit red wings iphone 4 case black shell,
3076,kodak easyshare m531 14mp 3x optical 5x digital zoom hd camera red black,m531
3078,kodak easyshare c183 14mp 3x optical 5x digital zoom hd camera black - one touch sharing,c183
3116,guardian 24020300 - flexstep rubber antifatigue mat polypropylene 24 x 36 black,24020300
3130,hp oem 94 c8765wn black inkjet cartridge,c8765wn
3143,santa cruz 16gb logo fade surfdrive usb flash drive,
3173,encore hoyle puzzle board games 2011,
3181,hp brushed aluminum 17.3 pavilion dv7-4087cl laptop pc with intel core i5-430m processor windows 7 home premium,dv7-4087cl
3183,blueant q1 bluetooth headset,
3192,san francisco 49ers ipod touch 4g hard case,
3195,minnesota vikings ipod touch 4g hard case,
3198,los angeles lakers ipod touch 4g hard case,
3201,pittsburgh penguins ipod touch 4g hard case,
3205,green bay packers ipod touch 4g hard case,
3208,cincinnati bengals ipod touch 4g hard case,
3212,oakland raiders ipod touch 4g hard case,
3215,4gb usb 2.0 clip flash drive,
3238,qic data cartridge,
3243,black n red l67019 - recycled casebound notebook ruled 8-1 4 x 11-3 4 we 96 sheets,l67019
3253,da-lite 40439 da-mat fast fold complete front projection screen - 104 x 104,40439
3255,da-lite fast-fold deluxe screen system - projection screen - 1 1 - dual vision,
3256,zax 87510 pro series rca audio cable 10 m,87510
3258,new-zax 87210 pro series component cable 10 m - 87210,87210
3259,new-zax 85206 select series component cable 6 m - 85206,85206
3260,new-zax 85203 select series component cable 3 m - 85203,85203
3261,zax 87210 pro series component cable 10 m,
3263,zax 87310 pro series composite audio video cable 10 m,
3265,zax 87710 pro series subwoofer cable 10 m,
3293,da-lite pixmate 48 height adjustable television cart,
3295,paper mate 1757553 - biodegradable mechanical pencil 0.5 mm,1757553
3297,new-pacon 63060 - rainbow duo-finish colored kraft paper 35 lbs . 36 x 1000 ft flame - pac63060,pac63060
3314,new-clarion cz101 single cd mp3 wma aac receiver - clrcz101,clrcz101
3316,clarion cz401 cd usb hd radio mp3 wma receiver,cz401
3319,new-pendaflex rk15313 - two-ply dark kraft file folders 1 3 cut top tab legal brown 100 box - essrk15313,essrk15313
3320,pendaflex rk152 - two-ply dark kraft file folders straight cut top tab letter brown 100 box,rk152
3322,smead 10776 - kraft file folder 2 5 cut right two-ply top tab letter brown 100 box,10776
3353,new-pendaflex 01156 - portafile expanding organizer with 19 pockets letter black - ess01156,ess01156
3372,da-lite designer model b - projection screen - 1 1 - matte white - fawn,
3373,video spectra 1.5 designer model b with fabric case in frost gray - av format size 50 x 50,
3374,video spectra 1.5 designer model b with fabric case in fawn - av format size 50 x 50,
3377,video spectra 1.5 designer model b with fabric case in pepper - av format size 50 x 50,
3381,external ieee 802.11 b g 54mbps usb 2.0 wifi wireless lan adapter,
3409,31 photo color print cartridge,
3417,new-lightweight folding headphone with bass boost - blue - dq2359,dq2359
3418,uni-ball 33960pp - signo gel 207 roller ball retractable gel pen black ink medium 4 per pack,33960pp
3422,pilot 31256 - g2 roller ball retractable gel pen black ink bold dozen,31256
3427,pilot 31096 - g2 pro roller ball retractable gel pen black ink fine,31096
3431,uni-ball 61263pp - signo gel 207 roller ball retractable gel pen black ink micro 2 per pack,61263pp
3437,new-108r00676 maintenance kit extended capacity case pack 1 - 514003,new-108r00676 
3438,ld xerox phaser 8400 remanufactured 108r00603 extended-capacity maintenance kit,108r00603
3440,ld xerox phaser 8500 8550 8560 remanufactured 108r00675 standard-capacity maintenance kit,108r00675
3479,avery-style legal side tab dividers 25-tab blank,
3480,new-avery 01021 - avery-style legal side tab divider title 21 letter white 25 pack - ave01021,ave01021
3482,atrend 10sme b box series single shallow mount sealed enclosure 10,10sme
3483,atrend-bbox a201-12cp b box series single-sealed 10 up-fire enclosure for dodge ram quad cab 2002,a201-12cp
3484,new-atrend 10sme b box series single shallow mount sealed enclosure 10 - atr10sme,atr10sme
3490,da-lite advantage manual with csr - projection screen - 1 1 - video spectra 1.5,
3524,2-in-1 lens cleaner,
3556,lexmark 12a6830 black standard-yield toner cartridge,12a6830
3560,compatible dell 1815dn laser printer high yield black toner cartridge,1815dn
3562,new-crown cd0023db - industrial deck plate antifatigue mat vinyl 24 x 36 black - cwncd0023db,cwncd0023db
3563,6 feet peerless plasma screen pedestal with rotation and tilt,
3575,da-lite veneer model b high power fabric 120 diag . honey maple,
3576,high power concord designer manual screen - 100 diagonal av format size 84 x 84,
3577,matte white lexington designer manual screen - diagonal av format size 70 x 70,
3584,new-orange soft marshmallow headphones - dq3175,dq3175
3599,wilson jones 36214b - economy vinyl round ring view binder 11 x 8-1 2 1 capacity black,36214b
3615,new-uniden d2998 dect 6.0 loud clear big button corded cordless phone with caller id digital answering machine - unnd2998,unnd2998
3641,viper usb storage enclosure - external - black,
3664,san diego chargers ipod touch 4g hard case,
3666,san diego chargers brown pro-grip optical mouse,
3674,cs canon cli-8m magenta ink cartridge canon cli8m 0622b002,0622b002
3687,da-lite advantage manual with csr - projection screen - 1 1 - matte white,
3692,hc matte white advantage manual with csr - video format size 72 diagonal,
3698,da-lite advantage manual with csr - projection screen - 133 in - 16 9 - video spectra 1.5,
3736,sanyo vpc-e1600tpbl 14mp digital camera w 5x optical zoom 3 lcd display - blue color,vpc-e1600tpbl
3753,joby gorillapod original,
3780,wintec filemate 4gb swivel usb 2.0 flash drive,
3782,zebra 46830 - sarasa roller ball retractable gel pen red ink medium dozen,46830
3783,pilot 31605 - begreen b2p bottle roller ball retractable gel pen black ink fine 2 pack,31605
3785,uni-ball 65871 - 207 impact roller ball retractable gel pen blue ink bold,65871
3786,zebra 46630 - sarasa roller ball retractable gel pen red ink bold dozen,46630
3788,mini usb optical mouse blue,
3794,usb wireless optical scroll mouse,
3806,arizona diamondbacks iphone 4 case silicone cover,
3808,auburn tigers iphone 4 case silicone cover,
3809,minnesota wild iphone 4 case silicone cover,
3810,washington capitals iphone 4 case silicone cover,
3811,new york knicks iphone 4 case silicone cover,
3813,duke blue devils iphone 4 case silicone cover,
3815,usc trojans iphone 4 case silicone cover,
3818,pittsburgh penguins iphone 4 case silicone cover,
3820,north carolina tar heels iphone 4 case silicone cover,
3823,virginia tech hokies iphone 3g hard case,
3824,chicago blackhawks iphone 4 case black shell,
3826,virginia tech hokies maroon silicone iphone cover,
3836,new york knicks iphone 3g duo case,
3837,new york yankees iphone 3g duo case,
3838,los angeles lakers iphone 3g duo case,
3839,philadelphia phillies iphone 3g duo case,
3849,noise canceling headphone,
3851,detroit red wings iphone 3g silicone cover,
3852,pittsburgh penguins iphone 3g silicone cover,
3853,boston bruins iphone 3g silicone cover,
3856,nebraska cornhuskers iphone 3g silicone cover,
3859,hon 692ll - 600 series two-drawer lateral file 42w x19-1 4d putty,692ll
3861,hon 692lq - 600 series two-drawer lateral file 42w x19-1 4d light gray,692lq
3862,new-hon 692lp - 600 series two-drawer lateral file 42w x19-1 4d black - hon692lp,hon692lp
3863,basyx 434lp - 400 series four-drawer lateral file 30w x53-1 4h x19-1 4d black,434lp
3865,hon 582lp - 500 series two-drawer lateral file 36w x28-3 8h x19-1 4d black,582lp
3866,new-hon 582lp - 500 series two-drawer lateral file 36w x28-3 8h x19-1 4d black - hon582lp,hon582lp
3868,fellowes office suites mesh back support,
3883,pioneer ts-w2502d2 10 champion series pro subwoofer,ts-w2502d2
3887,bicgpm11be - mark-it fine point permanent marker,bicgpm11be
3890,smead 70186 - jan-dec indexed expanding files 12 pockets kraft letter brown,70186
3891,smead 70717 - heavy-duty a-z open top expanding files 21 pockets letter teal,70717
3892,smead 70121 - a-z indexed expanding files 21 pockets kraft letter brown,70121
3893,midland xta106 action camera mount tree,xta106
3895,midland xtc200 hd 720p extreme action camera,xtc200
3896,midland xta106 action camera mount tree,xta106
3897,avery 6460 - removable inkjet laser id labels 1 x 2-5 8 white 750 pack,6460
3898,3m 3100a - permanent adhesive white laser mailing labels 1 x 2-5 8 750 pack,3100a
3900,washington redskins ipod touch 4g hard case,
3903,dallas cowboys ipod touch 4g hard case,
3905,chicago bears ipod touch 4g hard case,
3909,los angeles dodgers pink iphone 4 hard case,
3910,baltimore ravens ipod touch 4g hard case,
3916,edge tech 1tb diskgo external superspeed usb 3.0 hard drive - edgdg-227838-pe,edgdg-227838-pe
3917,jwin caf nites in-ear earphones - compact stereo - pink - iep222pnk,iep222pnk
3919,universal 952244 - quick set-up lift-off lid storage box letter legal fiberboard white 4 carton,
3920,universal 95224 - quick set-up lift-off lid storage box letter legal fiberboard white 12 ctn,
3999,brand new clarion vx401 6.2 2 din touchscreen cd dvd am fm mp3 wma receiver w usb and bluetooth,vx401
4009,optoma bl-fp230c replacement projector lamp bulb with housing - high quality replacement lamp,bl-fp230c
4013,da-lite model b manual wall ceiling projection screen 52 x 92 106 diagonal hdtv format high power surface with controlled screen return csr,
4026,cables unlimited adp-8000 mini displayport to vga adapter,adp-8000
4033,avery 5026 - extra-large 1 3-cut filing labels 15 16 x 3-7 16 white assorted bars 450 pack,5026
4034,avery 5029 - self-adhesive filing labels 1 3 cut 2 3 x 3-7 16 clear 450 pack,5029
4043,ant 9dbi in outdoor omni-direc,
4044,ant 9dbi in outdoor omni-direc,
4045,da-lite portable rental screen deluxe hinge joining clamp,
4046,oklahoma sooners camera case,
4047,wausau paper 32519 - exact eco 100 paper 92 brightness 20lb 8-1 2 x 14 white 500 sheets ream,32519
4049,boise 054922 - aspen 100 recycled office paper 92 bright 20lb 8-1 2 x 11 white 5000 ctn,054922
4050,new-boise 054901p - aspen 30 recycled office paper 3-hole 92 bright 20lb ltr white 5000 ctn - cas054901p,cas054901p
4051,new-hammermill 105015 - copy plus copy paper 92 brightness 20lb 8-1 2 x 14 white 500 sheets ream - ham105015,ham105015
4053,new-hammermill 105007 - copy plus copy paper 92 brightness 20lb 8-1 2 x 11 white 5000 sheets carton - ham105007,ham105007
4055,boise mp1050 - x-9 hi-brite paper 96 brightness 20lb 8-1 2 x11 white 5000 carton,mp1050
4056,aspen 30 office paper 92 brightness 20lb 8-1 2 x 11 white 5000 carton,
4086,new-paperpro 1752 - compact ecostapler 15-sheet capacity sand - aci1752,aci1752
4087,paperpro 1140 - quantum stapler 25-sheet capacity black silver,
4088,new-paperpro 1451 - paper pro standout stapler 15-sheet capacity blue - aci1451,aci1451
4090,c9722a hp color laserjet 4600 smart printer cartridge yellow 8000 yield - genuine oem toner,
4093,western digital wd1600bevt 160gb 2.5 sata 5400 rpm notebook hard drive 8mb cache,wd1600bevt
4101,toshiba usb 2.0 flash drive,
4112,plastic report cover prong clip letter 3,
4113,new-acco 26102 - vinyl report cover prong clip letter 1 2 capacity clear cover blue back - acc26102,acc26102
4114,new-vinyl report cover prong clip letter 1 2 case pack 2 - 443497,443497
4115,avery 47975 - paper two-pocket report cover tang clip letter 1 2 capacity blue 25 box,47975
4116,oxford 53306 - linen finish report cover tang clip letter 1 2 capacity black 25 box,53306
4117,acco 36251 - plastic report cover prong clip letter 3 capacity frosted cover black back,36251
4118,oxford 12934 - pressboard report cover prong clip letter 3 capacity red,12934
4119,oxford 12709 - pressguard report cover prong clip letter 3 capacity yellow,12709
4122,xantech 283dmw designer blink emitter single mini wire,283dmw
4124,xantech 283tpd designer twin plug blink emitter,283tpd
4125,xantech 282d designer emitter single,282d
4127,xantech 283dmw designer blink emitter single mini wire,283dmw
4130,xantech 283d10p designer blink emitter 10 pk,283d10p
4133,michigan wolverines iphone 3g silicone cover,
4134,oregon ducks iphone 4 case silicone cover,
4135,west virginia mountaineers iphone 4 case silicone cover,
4136,oklahoma city thunder iphone 4 case silicone cover,
4140,ld epson t029201 t029 color remanufactured ink cartridge for stylus c60,t029201
4141,canon imageclass mf9220cdn multifunction printer,mf9220cdn
4150,ld okidata compatible 43502301 type 9 black laser toner cartridge for the b4400,43502301
4165,new-pendaflex 62714 - microbeguard file folders straight cut two fasteners letter manila 50 box - ess62714,ess62714
4166,new-pendaflex 16640 - conversion folders straight cut top tab letter manila 100 box - ess16640,ess16640
4167,pendaflex 62711 - microbeguard file folders straight cut one fastener letter manila 50 box,62711
4169,new-quality park 64126 - antistatic fiberboard disk mailer 6 x 8 5 8 white recycled 25 box - qua64126,qua64126
4175,maxwhite vmax2 plus2 series ezelectric motorized screen - 92 diagonal in white case,
4177,maxwhite-fiberglass home2 series 47.7 overall height electric motorized screen - size 75 diagonal in white case,
4180,new-lexmark 12a7462 - 12a7462 high-yield toner 21000 page-yield black - lex12a7462,12a7462
4181,new lexmark x340h11g high-yield laser printer toner 6000 page-yield black simple-install,x340h11g
4182,innovera d3010 - d3010 compatible high-yield toner 4000 page-yield black,d3010
4188,audiosource bc5 5.25 in-ceiling construction bracket mount,
4190,audiosource bc5 5.25 in-ceiling construction bracket mount,
4191,audiosource bi5 5.25 in-wall construction bracket mount,
4196,new-quartet 307 - bulletin board natural cork over fiberboard 72 x 48 solid oak frame - qrt307,qrt307
4197,new-quartet 2004 - bulletin bar i natural cork bulletin 24 x 1 natural aluminum frame - qrt2004,qrt2004
4198,quartet b364t - euro-style bulletin board high-density foam 48 x 36 black aluminum frame,b364t
4199,quartet 2363 - enclosed bulletin board natural cork fiberboard 24 x 36 aluminum frame,2363
4200,new-universal 43712 - bulletin board natural cork 24 x 18 aluminum frame - unv43712,unv43712
4201,quartet 2004 - bulletin bar i natural cork bulletin 24 x 1 natural aluminum frame,
4202,quartet enclosed bulletin board fabric covered cork 72 x 48 gray aluminum frame,
4203,quartet 307 - bulletin board natural cork over fiberboard 72 x 48 solid oak frame,
4204,new-universal 43713 - bulletin board natural cork 36 x 24 aluminum frame - unv43713,unv43713
4205,cork bulletin board cork over fiberboard 48 x 36 natural oak frame,
4206,new-quartet 2366 - enclosed bulletin board natural cork fiberboard 72 x 36 aluminum frame - qrt2366,qrt2366
4207,new-quartet 2363 - enclosed bulletin board natural cork fiberboard 24 x 36 aluminum frame - qrt2363,qrt2363
4208,universal 43604 - cork bulletin board 48 x 36 natural oak frame,43604
4209,universal 43712 - bulletin board natural cork 24 x 18 aluminum frame,43712
4212,hp q1397a universal bond paper,q1397a
4214,hp q1397a universal bond paper,q1397a
4216,hp q1398a universal bond paper,q1398a
4222,belkin fast cat 5e 25 ft. red patch cable snagless,
4238,mukii transimp 2 port usb 3.0 pci-express card,
4239,mukii 2-port usb 3.0 expresscard 34 adapter,
4265,hon10595cc - 10500 series bow top double pedestal desk,hon10595cc
4270,maxwhite vmax2 plus2 series ezelectric motorized screen - 92 diagonal,
4271,maxwhite vmax2 plus2 series 82 overall height ezelectric motorized screen - 92 diagonal,
4282,bic decfp41asst - great erase bold pocket style dry erase markers fine assorted 4 pack,decfp41asst
4301,16.4 ft 5m hi-speed hdmi cable w ethernet,
4306,kodak easyshare m530 12mp digital camera w 3x wide angle optical zoom 2.7 lcd carbon 2gb sd card camera bag s table tripod 3 pieces cleaning kit sd card reader,
4313,buddy products 52014 - dr. pocket steel add-on single pocket wall file letter black,52014
4314,new-buddy products 52014 - dr. pocket steel add-on single pocket wall file letter black - bdy52014,bdy52014
4315,new-buddy products 52104 - dr. pocket steel three pocket wall file letter black - bdy52104,bdy52104
4325,griffin gb01717 iphone 4 matte screen care kit 3 pk,gb01717
4326,smead 37276 - heavy w-fold expansion folders two fasteners end tab legal manila 50 box,37276
4327,new-smead 24250 - folders straight cut single-ply extended end tab letter manila 100 box - smd24250,smd24250
4328,smead 15300 - file folders straight cut one-ply top tab legal manila 100 box,15300
4330,smead 19535 - supertab file folders with fastener 1 3 cut 11 point legal manila 50 box,19535
4331,new-smead 27100 - shelf folders straight cut single-ply end tab legal manila 100 box - smd27100,smd27100
4332,new-pendaflex 13158 - folders two fasteners laminated straight cut end tabs manila legal 50 box - ess13158,ess13158
4333,smead 24100 - shelf folders straight cut single-ply end tab letter manila 100 box,24100
4335,new-smead 37160 - recycled end tab fastener folders straight cut 11 point legal manila 50 box - smd37160,smd37160
4336,smead 19547 - folders two fasteners 1 3 cut assorted top tabs legal manila 50 box,19547
4337,smead 15310 - file folders straight cut reinforced top tab legal manila 100 box,15310
4338,new-smead 27275 - 1 1 2 inch expansion folders straight end tab legal manila 50 box - smd27275,smd27275
4339,new-smead 19535 - supertab file folders with fastener 1 3 cut 11 point legal manila 50 box - smd19535,smd19535
4340,new-smead 19813 - kraft k style fastener folders straight cut top tab legal brown 50 box - smd19813,smd19813
4341,new-smead 27250 - folders straight cut single-ply extended end tab legal manila 100 box - smd27250,smd27250
4346,brother tz641 laminated tape cartridge,tz641
4355,new-iluv icc790blk universal windshield smartphone mount kit - ilvicc790b,ilvicc790b
4358,hqrp cordless phone battery compatible with energizer er-p240 erp240 replacement plus coaster,er-p240
4373,new-axis gk-013 107-key ps 2 keyboard black - cp76006,cp76006
4390,new-108r00602 maintenance kit case pack 1 - 513983,new-108r00602
4391,new-xerox 108r00600 - 108r00600 110v maintenance kit - xer108r00600,xer108r00600
4392,file storage box,
4398,planar pl series pl1700m lcd monitor - 17 - black,pl1700m
4400,post-it pop-up notes super sticky r3306ssuc - pop-up refill 3 x 3 3 ultra colors 6 90-sheet pads pack,r3306ssuc
4401,post-it notes super sticky 6603ssan - super sticky notes 4 x 6 lined three neon colors 3 90-sheet pads pack,6603ssan
4402,post-it notes super sticky 5845ssan - super sticky notes 5 x 8 lined assorted neons 4 45-sheet pads pack,5845ssan
4403,post-it notes super sticky 65412ssnrp - natures hues super sticky notes unlined 3 x 3 12 90-sheet pads pack,65412ssnrp
4404,post-it notes super sticky 6756ssnrp - natures hues super sticky notes lined 4 x 4 6 90-sheet pads pack,6756ssnrp
4405,new-post-it pop-up notes super sticky r3306ssuc - pop-up refill 3 x 3 3 jewel pop colors 6 90-sheet pads pack - mmmr3306ssuc,mmmr3306ssuc
4408,lexmark 60s0000 - interact s605 wireless all-in-one printer w copy print scan duplex,60s0000
4411,samsung 33-0525-05 samsung fasciante i500 oem multimedia dock,
4442,ampad 21218 - evidence glue top narrow ruled pads ltr canary 50-sheet pads pack dozen,21218
4443,ampad 20180 - evidence recycled perf top pad lgl margin rule lgl we 50-sheet pads dozen,20180
4444,ampad 20270 - evidence recycled perf top pads lgl wide rule ltr canary 50-sheet dozen,20270
4447,birdhouse tony hawk 16gb ptero skatedrive usb flash drive,
4448,birdhouse tony hawk 16gb bonepile skatedrive usb flash drive,
4449,birdhouse tony hawk 16gb crossbones blue skatedrive usb flash drive,
4453,birdhouse tony hawk 16gb full skull skatedrive usb flash drive,
4463,office wipes scrubs 6 pack 6 x 8 50 wipes container itw90006 category wipes and cleaning cloths,itw90006
4464,verbatim 96672 wireless notebook laser mouse,96672
4482,xantech 286d designer dual blink emitter single,286d
4485,xantech 283d designer blink emitter single,283d
4494,lexmark 34 18c0034 compatible remanufactured high yield black ink cartridge,18c0034
4495,new-innovera ml2250 - ml2250 compatible remanufactured toner 5000 page-yield black - ivrml2250,ivrml2250
4496,new-innovera b436a - b436a compatible remanufactured toner 2000 page-yield black - ivrb436a,ivrb436a
4497,new-m4640 compatible remanufactured high-yield ink case pack 1 - 513508,new-m4640
4498,new-innovera 86430 - 86430 compatible remanufactured high-yield toner 12000 page-yield black - ivr86430,ivr86430
4499,new-innovera d0893 - d0893 compatible remanufactured high-yield toner 6000 page-yield black - ivrd0893,ivrd0893
4501,c4893a hp 80 ink printhead printhead cleaner 4400 page-yield yellow,c4893a
4502,new-hp c4893a - c4893a hp 80 ink printhead printhead cleaner 4400 page-yield yellow - hewc4893a,hewc4893a
4503,hp c4893a - c4893a hp 80 ink printhead printhead cleaner 4400 page-yield yellow,c4893a
4528,new visiontek 900338 radeon 6870 graphics card 1 gb gddr5 sdram pci express x16 hdmi dvi,900338
4531,lcd crt mobile computer security cabinet 26w x 24d x 63h light gray,
4558,maxell 190239 - jtp juicy tunes earbuds pink,190239
4561,hp q1396a universal bond paper,q1396a
4586,pink oem incipio smart feather ultra thin case ipad-230 for apple ipad 2 use w apple smart cover,
4588,incipio ipad 2 smart feather case - red apple ipad 2,
4593,new-ampad 20806 - gold fibre spiral steno book gregg rule 6 x 9 white gn 100 sheets pad - amp20806,amp20806
4594,new-ampad 25473 - spiral steno book gregg rule 6 x 9 canary 100 sheets - amp25473,amp25473
4596,new-docket gold spiral steno book gregg rule 6 x 9 case pack 2 - 443321,443321
4605,new-quartet 2547 - magnetic dry-erase board porcelain 72 x 48 white aluminum frame - qrt2547,qrt2547
4607,quartet m4831 - magnetic dry erase board painted steel 48 x 31 white aluminum frame,m4831
4608,targus red tg-ra1010 8-in-1 camera essentials kit,tg-ra1010
4609,svat gx301-012 digital wireless dvr security system with sd card recording long range night visi,gx301-012
4614,bic mcpp2sgk - pink ribbon reaction mechanical pencil 0.7 mm,mcpp2sgk
4615,new-bic mcp11 - reaction mechanical pencil 0.7 mm black barrel - bicmcp11,bicmcp11
4616,da-lite deluxe model b manual wall and ceiling projection screen 70 x 70 99 diagonal high power surface .,
4617,da-lite deluxe model b manual wall and ceiling projection screen 60 x 60 85 diagonal high power surface,
4623,ape case ac165 digital camera case interior dim 2.5 l x 3.625 w x 5h,ac165
4627,ape case ac252 tri-fold travel wallet digital camera case,ac252
4635,lcd monitor privacy screen filter,
4637,comprehensive rj45p rj45 male connector - 8 position 8 conductor set of 25,rj45p
4639,9-pin female connector with hood set of 25,
4641,9-pin male connector with hood set of 25,
4643,new-crown et0046mb - ecostep mat 48 x 72 midnight blue - cwnet0046mb,cwnet0046mb
4647,universal 16123 - file folders 1 3 cut assorted two-ply top tab legal manila 100 box,16123
4648,smead 11534 - file folders 1 3 cut double-ply top tabs letter manila 12 pack,11534
4649,new-smead 10388 - guide height file folders 2 5 cut two-ply top tab letter manila 100 box - smd10388,smd10388
4650,new-smead 15347 - recycled two-ply file folders 1 3 cut top tab legal manila 100 box - smd15347,smd15347
4651,smead 20630 - recycled card size file folders 1 3 cut top tab 9 x 6 manila 100 box,20630
4652,smead 16943 - file folders 1 3 cut top tab legal assorted colors 100 box,16943
4653,new-smead 15385 - guide height file folders 2 5 cut right top tab legal manila 100 box - smd15385,smd15385
4654,smead 15385 - guide height file folders 2 5 cut right top tab legal manila 100 box,15385
4655,smead 10510 - tear moisture-resist poly file folders 1 3 cut top tab letter manila 12 pack,10510
4656,new-smead 24127 - folders 1 2 cut top reinforced end tab letter manila 100 box - smd24127,smd24127
4657,new-xerox 108r00646 - 108r00646 transfer roller - xer108r00646,xer108r00646
4658,xerox phaser 6200 6250 transfer roller unit 108r00592,108r00592
4660,xerox 108r00579 - 108r00579 transfer roller,108r00579
4661,new-tops 75101 - american pride writing pad jr. legal rule 5 x 8 white 12 50-sheet pads pack - top75101,top75101
4662,tops 63960 - docket gold perforated pads legal rule letter white 12 50-sheets pads pack,63960
4665,duracell coppertop 40 aa batteries,
4667,duracell coppertop batteries,
4669,atrend-bbox a342-12cp b box series dual speakers for ford f150 extended cab 2009 up 12,a342-12cp
4676,rayovac aaa alkaline batteries - 15 pack exp . date 2017,
4677,new york jets ipod touch 4g hard case,
4679,chicago blackhawks ipod touch 4g hard case,
4691,new-inner-ear sports clip earbuds - silver - dq2350,dq2350
4692,inner-ear sports clip earbuds - violet,
4693,inner-ear sports clip earbuds - red,
4707,da-lite deluxe model b - projection screen - 72 in - 4 3 - high contrast matte white,
4717,national brand 20122 - rip proof 20-lb . college ruled reinforced filler paper letter we 100 sheets pk,
4728,crown ecr310ch - ecoplus mat 3 x 10 charcoal,ecr310ch
4729,crown ecr046ch - ecoplus mat 4 x 6 charcoal,ecr046ch
4730,crown ecr035ch - ecoplus mat 3 x 5 charcoal,ecr035ch
4731,new-mohawk 101337 - brite-hue multipurpose colored paper 24lb 8-1 2 x 11 red 500 sheets ream - mow101337,mow101337
4732,new-mohawk 104034 - brite-hue multipurpose colored paper 24lb 8-1 2 x 11 ultra lime 500 shts rm - mow104034,mow104034
4733,roocase multi-angle black leather folio case cover for vizio 8-inch tablet with wifi - vtab1008,vtab1008
4734,roocase ultra slim magenta leather case cover with stand for lg g-slate 8.9-inch 4g android tablet wi-fi 4g,
4735,roocase ultra slim red leather case cover with stand for lg g-slate 8.9-inch 4g android tablet wi-fi 4g,
4736,roocase multi-angle black leather folio case cover for lenovo ideapad k1 10.1-inch android tablet,
4737,roocase multi-angle red leather folio case cover for lg g-slate 8.9-inch 4g android tablet wi-fi 4g,
4738,roocase multi-angle magenta leather folio case cover for lg g-slate 8.9-inch 4g android tablet wi-fi 4g,
4739,new-rolodex 66454 - small business card binder with tabs holds 120 2 1 4 x 4 cards black - rol66454,rol66454
4759,new-crown cs0035gy - cross-over indoor outdoor wiper scraper mat olefin poly 36 x 60 gray - cwncs0035gy,cwncs0035gy
4762,new-wilson jones 21411 - heavy weight sheet protector clear 100 box - wlj21411,wlj21411
4763,new-wilson jones 21400 - super heavy weight sheet protector clear 50 box - wlj21400,wlj21400
4771,targus 17 sport backpack for laptops navy blue,
4782,new-avery 11453 - index maker clear label punched dividers blue 8-tab letter - ave11453,ave11453
4784,new-alera va354220my - valencia series reversible return bridge shell 39-1 2w x 20d mahogany - aleva354220my,aleva354220my
4785,new-alera va353624my - valencia series reversible return bridge shell 35w x 23-5 8d mahogany - aleva353624my,aleva353624my
4811,new-rolodex 23390 - wood tone desk pad mahogany 24 x 19 - rol23390,rol23390
4832,da-lite veneer model b high power fabric 120 diag . medium oak,
4833,new-mmf industries 216070d02 - self-adhesive currency straps green 200 in dollar bills 1000 bands box - mmf216070d02,mmf216070d02
4842,comprehensive fp-e f plug - twist-on - push-on set of 25,
4843,comprehensive fp f plug - crimp set of 25,
4845,comprehensive rca-2 rca plug crimp type set of 25,
4846,comprehensive fp-rg6 f plug for rg-6 cable set of 25,
4847,comprehensive fp-a f plug with attached ferrule set of 25,
4848,comprehensive f-tm f plug 75 terminator set of 25,
4855,file folder labels on mini-sheets 3-7 16 x 2 3,
4856,new-bankers box 00372 - super stor drawer file storage box legal steel plastic black white 6 carton - fel00372,fel00372
4857,new-bankers box 00371 - super stor drawer file storage box letter steel plastic black white 6 carton - fel00371,fel00371
4864,arkon cmp114 camera video recorder windsheild dashboard mount,cmp114
4866,jabra gn netcom 2000 series usb mono cipc noise canceling headset with boom microphone,
4873,new-quartet p567t - euro frame dry-erase board porcelain steel 72 x 48 white aluminum frame - qrtp567t,qrtp567t
4884,channel sources 080411 50pk defender pro 2010 15 in 1 lics,080411
4885,nikon coolpix s205 12mp digital camera with 4x optical zoom - red,s205
4897,sunpak cf-7079 55mm tw ultra-violet circular polarizer twin filter pack,cf-7079
4898,sunpak cf-7078 tw ultra-violet and circular polarized filter twin packs 52mm,cf-7078
4902,sunpak cf-7080 tw ultra-violet and circular polarized filter twin packs 58mm,cf-7080
4907,new-swingline 74030 - 20-sheet light touch desktop two - or three-hole punch 9 32 diameter hole - swi74030,swi74030
4941,sascltr409 - imaging drum for samsung clp310,sascltr409
4951,new-sh230 monaural headset - sh230,new-sh230
4956,oxford 40578 - 5-1 4 capacity box file storage box letter binder board black orange,40578
4958,genuine new epson t078120 claria hi-definition black ink cartridge,t078120
4959,new-crown ssr046ch - super-soaker wiper mat w gripper bottm polypropylene 45 x 67 charcoal - cwnssr046ch,cwnssr046ch
4961,new-crown ssr035ch - super-soaker wiper mat w gripper bottm polypropylene 34 x 58 charcoal - cwnssr035ch,cwnssr035ch
4962,crown ssr035ch - super-soaker wiper mat w gripper bottm polypropylene 34 x 58 charcoal,ssr035ch
4963,crown s1r046st - super-soaker diamond mat polypropylene 45 x 69 slate,s1r046st
4964,genie digital camera bag in lime green,
4965,hc matte white advantage manual with csr - wide format size 94 diagonal,
4970,wilson jones 86621 - professional plus no-gap d-rings vinyl view binder 2 capacity black,86621
4981,sandisk microsd to sd memory card adapter,
4984,olympus e-p1 pen digital camera memory card 8gb sdhc secure digital high capacity class 4 flash card,
4994,smd26783 - six-section pressboard end tab classification folders,smd26783
4996,s j paper s59727 - six-section end tab classification folders pressboard letter red 25 box,s59727
4997,smead 14230 - pressboard classification folders metal tab letter six-section red 10 box,14230
4998,new-smead 26861 - extra-heavy pressboard end tab classification folders letter 10 box - smd26861,smd26861
4999,smead 29820 - pressboard end tab classification folder legal 8-section gray-green 10 box,29820
5000,comprehensive b-blcmis 75 ohm bnc jack to jack chassis mount barrel video adapter isolated set of 10,
5001,comprehensive pj-cm phono rca jack chassis mount set of 25,
5002,comprehensive mj-cm 3.5 mm mini jack chassis mount set of 25,
5019,new-pm company 05201 - one-ply thermal cash register point of sale roll 1-1 2 x 40 ft white 10 pack - pmc05201,pmc05201
5025,eveready gold alkaline batteries d 4 pack,
5028,new york yankees ipod touch 4th gen hard case,
5029,new york yankees ipod touch 4g silicone cover,
5031,humminbird 407950-1 788ci hd color fishing system,788ci
5034,epson replacement lamp - 150w uhe projector lamp - 1500 hour,
5039,epson replacement lamp - 170w uhe projector lamp - 2000 hour,
5044,da-lite pixmobile 49 television cart with cabinet,
5058,dual 1200 rechargeable backup battery,
5079,smead 64339 - one inch capacity box bottom hanging file folders legal green 25 box,64339
5080,smead 64065 - hanging file folders 1 5 tab 11 point stock letter orange 25 box,64065
5081,smead 64082 - fastab hanging file folders 1 3 tab letter moss green 20 box,64082
5082,new-smead 64379 - three inch capacity box bottom hanging file folders legal green 25 box - smd64379,smd64379
5083,new-smead 64010 - hanging file folders untabbed 11 point stock letter green 25 box - smd64010,smd64010
5084,smead 64259 - 2 capacity box bottom hanging file folders letter green 25 box,64259
5085,new-smead 64082 - fastab hanging file folders 1 3 tab letter moss green 20 box - smd64082,smd64082
5086,smead 64410 - interior pocket hanging folders untabbed letter standard green 25 box,
5095,comprehensive bp-tw7559p twist-on 75 precision bnc connectors for rg-59 62 plenum set of 25,bp-tw7559p
5099,roocase multi-angle black leather folio case cover for asus eee pad transformer 10.1-inch tf101 android tablet wi-fi,
5100,vipertek multi-angle leather folio case cover for asus eee pad transformer 10.1-inch tf101 android tablet wi-fi black,
5102,roocase executive portfolio magenta leather case cover with landscape portrait view for asus eee pad transformer 10.1-inch tf101 android tablet wi-fi,
5103,roocase executive portfolio red leather case cover with landscape portrait view for asus eee pad transformer 10.1-inch tf101 android tablet wi-fi,
5104,portfolio leather case cover for asus eee pad transformer tf101 - black screen protector,
5115,sharpie 1735792 - retractable ultra fine tip permanent marker blue,1735792
5117,kingston 2gb ddr2 400mhz 240-pin single rank ram memory for dell server,
5144,da-lite portable rental deluxe screen skirt adapter clamp,
5145,deluxe anti-sway brace for fast fold deluxe screens,
5165,new-crown cs0035br - cross-over indoor outdoor wiper scraper mat olefin poly 36 x 60 brown - cwncs0035br,cwncs0035br
5166,bic mpep241 - ecolutions mechanical pencil 0.7 mm 24 per pack,mpep241
5174,new-pendaflex 415213 - reinforced hanging file folders 1 3 tab kraft letter standard green 25 box - ess415213,ess415213
5175,new-pendaflex 81620 - hanging file folders untabbed legal standard green 25 box - ess81620,ess81620
5176,new-pendaflex 42622 - ready-tab reinforced hanging file folders 1 5 tab letter blue 25 box - ess42622,ess42622
5177,new-pendaflex 42703 - ready-tab two inch reinforced hanging file folders legal green 20 box - ess42703,ess42703
5178,pendaflex 4153x1 - one inch reinforced hanging kraft file folders legal standard green 25 box,
5179,new-pendaflex 42620 - ready-tab reinforced hanging 1 3 tab file folder letter standard green 25 box - ess42620,ess42620
5180,new-pendaflex rcy415215sgr - reinforced hanging file folders kraft letter standard green 25 box - essrcy415215sgr,essrcy415215sgr
5181,ampad 52115r - envirotec hanging file folder 1 5 tab 11 point letter standard green 25 box,52115r
5185,st. louis cardinals pink iphone 4 hard case,
5187,chicago white sox pink iphone 4 hard case,
5189,lsu tigers iphone 3g hard case,
5197,smead 10710 - kraft file folders straight cut reinforced top tab letter brown 100 box,10710
5198,pendaflex earthwise 04350 - recycled file folders 1 3 cut top tab letter assorted 50 box,04350
5199,new-standard dslr holster - cl4398,cl4398
5206,ld xerox phaser 8550 8560 remanufactured 108r00676 extended-capacity maintenance kit,108r00676
5207,pioneer ts-g1343r 5.25 2-way speakers,ts-g1343r
5213,adobe production premium cs 5.5 software suite for mac upsell from apple final cut pro,
5222,cardinal 14201 - zippered binder pockets 8-1 2 x 11 clear 3 pockets pack,14201
5225,stanley bostitch 00540 - 00540 antijam extra heavy-duty stapler 215-sheet capacity black,00540
5226,stanley bostitch phd60 - antijam personal heavy-duty stapler 60-sheet capacity,phd60
5227,00540 antijam extra heavy duty stapler for up to 215 sheets black bos00540,bos00540
5228,stanley bostitch b8evalue - b8 heavy-duty electric stapler value pack 45-sheet capacity black,b8evalue
5229,new-stanley bostitch b310hds - b310hds antijam heavy-duty stapler 130-sheet capacity black - bosb310hds,bosb310hds
5240,tilt lock single pair or container of 12 pairs package container of 24 tilt locks,
5241,t-bar clips single pair or container of 12 pairs color black package one pair of clips,
5242,tilt lock single pair or container of 12 pairs package one tilt lock,
5254,da-lite deluxe model b manual wall and ceiling projection screen 50 x 50 71 diagonal silver matte surface,
5257,docket letter size legal rule double pad,
5258,tops 7533 - paper pads legal rule letter size white 50 sheet pads dozen,7533
5259,new-tops 7532 - paper pads legal rule letter size canary 50 sheet pads dozen - top7532,top7532
5260,new-wausau paper 70619 - astrobrights premium poster board 28 x 22 bright white 48 carton - wau70619,wau70619
5269,high contrast matte white deluxe model b manual screen - hdtv format size 45 x 80,
5272,da-lite model b - projection screen - 1 1 - high contrast matte white,
5283,ld compatible high yield black laser toner cartridge for lexmark e352h11a e350 e352 printers,e352h11a
5290,stanley bostitch eps4blue - compact desktop electric pencil sharpener blue,eps4blue
5292,new-x-acto 1606 - high-volume commercial desktop electric pencil sharpener beige - epi1606,epi1606
5293,new-crown nr0310gy - needle rib wipe scrape mat polypropylene 36 x 120 gray - cwnnr0310gy,cwnnr0310gy
5295,philadelphia phillies pink iphone 4 hard case,
5296,wilson jones wcc7234rg - wallet file legal recycled green,wcc7234rg
5298,s j paper s59720 - mla end tab classification folder straight tab letter six-section 25 box,s59720
5305,acdsee pro 4 box full version,
5309,elmer s e524 - school glue stick .77 oz stick,e524
5310,elmer s e308 - washable school glue 7.62 oz liquid,e308
5320,avery 11906 - worksaver big tab plastic dividers two slash pockets 5-tab assorted,11906
5322,uni-ball 65940 - signo gel rt roller ball retractable gel pen black ink medium dozen,65940
5323,bic rlc11be - velocity roller ball retractable gel pen blue ink medium dozen,rlc11be
5336,vonnic dk7784b5 video surveillance system,dk7784b5
5337,total erase presentation dry-erase easel 26 x 34 white black steel frame,
5338,quartet 351900 - futura dry erase presentation easel melamine 24 x 36 white black frame,351900
5339,verbatim 94904 80-minute 700 mb 52x datalifeplus cd-rs 50-ct spindle,94904
5340,new-universal 73700 - manila file jackets with reinforced tabs two inch expansion letter - unv73700,unv73700
5352,wilson jones 38644w - basic d-ring vinyl view binder 2 capacity white,38644w
5353,wilson jones 38344b - basic vinyl d-ring binder 2 capacity black,38344b
5355,wilson jones 38349b - basic vinyl d-ring binder 3 capacity black,38349b
5359,high-yield return program print cartridge,
5364,lowrance 000-10236-001 elite tm -5 dsi fishfinder base,
5365,new-lowrance 000-10236-001 elite tm -5 dsi fishfinder base - lra10236001,lra10236001
5368,o cables to go o - cables to go usb to db9 serial adapter,
5378,softskin gel wrist rest black,
5381,xantech cpl10 rf ir coupler,cpl10
5382,new-samsill 18267 - clean touch locking round ring view binder 2 capacity white - sam18267,sam18267
5383,new-samsill 18237 - clean touch locking round ring view binder 1 capacity white - sam18237,sam18237
5386,new-advantus 75548 - swivel-back retractable id card reel 30 extension black 12 pack - avt75548,avt75548
5395,new-silver flats lightweight folding headphones - dq3190,dq3190
5396,sentry headart extreme folding headphones silver,
5410,241811h platt heavy-duty polyethylene case with wheels and telescoping handle,241811h
5412,531111ah platt heavy-duty ata case with wheels and handle,531111ah
5413,cables unlimited acchdtvkit3 spray gel screen cleaner 2 high-speed hdmi cables,acchdtvkit3
5432,new-netbook cooling pad mouse kit - ihb931nr,ihb931nr
5434,national brand 33001 - 5-subject wire notebook college rule 11 x 8-7 8 white 200 sheets,33001
5435,new-tops 74111 - second nature subject wirebound notebook college rule ltr we 80 sheets - top74111,top74111
5443,pioneer tsa878 3 1 2 inch 2-way speakers,tsa878
5453,new-kensington 72336 - wireless presenter w laser pointer 1gb black - kmw72336,kmw72336
5468,zax 87710 pro series subwoofer cable 10 m,87710
5469,zax 85710 select series subwoofer cable 10 m,85710
5476,new-hp 51644m - 51644m hp 44 ink 1600 page-yield magenta - hew51644m,hew51644m
5484,new-vaultz vz01008 - locking file chest storage box letter legal 17-1 2 x 14 x 12-1 2 black - idevz01008,idevz01008
5485,vaultz vz01270 - lock mobile file chest storage box letter legal black,vz01270
5486,new-haier ptheatre 4 gb 2 pocket theater mp3 player with video - herptheatre,
5488,new-pendaflex pn925 - recycled top tab file guides alpha 1 5 tab pressboard letter 25 set - esspn925,esspn925
5489,new-pendaflex en225 - recycled top tab file guides alpha 1 5 tab manila letter 25 set - essen225,essen225
5491,new-quartet 2544m - magnetic dry erase board porcelain 48 x 36 white solid mahogany frame - qrt2544m,qrt2544m
5492,quartet 2544m - magnetic dry erase board porcelain 48 x 36 white solid mahogany frame,2544m
5493,new-quartet 2547m - magnetic dry-erase board porcelain 72 x 48 white solid mahogany frame - qrt2547m,qrt2547m
5504,iphone 4 silicone case retro - university of florida,
5507,da-lite advantage manual with csr - projection screen - 133 in - 16 9 - high power,
5509,master caster 00972 - big foot doorstop no-slip rubber wedge 2-1 4w x 4-3 4d x 1-1 4h gray 2 pack,00972
5511,kingston 1gb ddr2 667mhz 240-pin ram memory for dell desktop pc,
5514,logitech wireless headset f540 with stereo game audio,
5518,sandisk 32gb microsdhc memory card bulk package,
5521,goodhope bags 4012 universal computer sleeve in black set of 2,4012
5522,guardian eg030504 - ecoguard indoor wiper mats rubber 36 x 60 charcoal,eg030504
5523,new-easy watch hidden camera in pir motion detection housing - dq2434,dq2434
5524,scosche idr300d increased dynamic range chameleon earphones with interchangeable color caps for 3.5 mm devices dark colors black,idr300d
5533,new-advantus 1500 - grip-a-strip display rail 9 x 1 1 2 aluminum finish - avt1500,avt1500
5534,new-advantus 2005 - grip-a-strip display rail 36 x 1 1 2 aluminum finish - avt2005,avt2005
5539,bic great erase bold whiteboard dry erase black markers with chisel tip 12 pack dec11bk,dec11bk
5540,bic gdemp41asst - great erase grip xl dry erase markers chisel assorted 4 set,gdemp41asst
5544,dymo d1 tape cartridge for electronic label makers 1 2w blue on clear,
5546,avery 11025 - metal rim key tags card stock metal 1-1 4 diameter white 50 pack,11025
5551,metrolite laptop shoulder case in jet black,
5555,hon 10563nn - 10500 series two-drawer lateral file 36w x 20d x 29-1 2h mahogany,10563nn
5556,hon 585lq - 500 series five-drawer lateral file 36w x67h x19-1 4h light gray,585lq
5557,lyoto machida mouse pad,
5559,powergain cinetension2 series tension electric motorized screen - 84 diagonal size 92 diagonal,
5567,innovera softskin gel wrist rest black,
5579,guardian eg020304 - ecoguard indoor wiper mats rubber 24 x 36 charcoal-mlleg020304,eg020304
5588,nokia ac-3u travel charger,
5589,new-storex 61511u01c - portable file storage box w organizer lid letter legal clear - stx61511u01c,stx61511u01c
5591,gbc 2020025 - clear view presentation binding system cover 11 x 8-1 2 clear 100 box,2020025
5592,new-gbc 2514496 - design view presentation binding system covers 11 x 8-1 2 clear 25 pack - gbc2514496,gbc2514496
5593,gbc 2514499 - design view presentation binding system covers 11 x 8-1 2 frost 25 pack,2514499
5594,new-gbc 2514499 - design view presentation binding system covers 11 x 8-1 2 frost 25 pack - gbc2514499,gbc2514499
5595,new-gbc 2000036 - clear view presentation binding system cover 11-1 4 x 8-3 4 clear 100 box - gbc2000036,gbc2000036
5599,new-18c2249 36xl 37xl high-yield ink 500 page-yiel case pack 1 - 513676,new-18c2249
5600,new-post-it super sticky 2700n - super sticky removable color-coding labels 3 4in dia asst neon 1800 labels pk - mmm2700n,mmm2700n
5601,new-post-it super sticky 2700p - super sticky removable color-coding labels 1 x 2-5 8 assorted neon 450 pack - mmm2700p,mmm2700p
5603,verbatim type 4 double-sided dvd-ram cartridge 9.4 gb 3x,
5609,108r00675 maintenance kit,108r00675
5610,compatible hp c8057a maintenance kit,c8057a
5618,adobe creative suite cs5 master collection windows,
5623,roocase multi-angle black leather folio case cover for acer iconia tab a500 a501 10.1-inch android tablet wi-fi,
5630,verbatim 97397 store n go super speed usb 3.0 portable hard drive 500gb,97397
5631,new-simulated bullet style surveillance camera - t53962,t53962
5663,new-mayline btbf20ldc - brighton series suspended box file pedestal 15w x 19d x 20h mocha - mlnbtbf20ldc,btbf20ldc
5671,x-acto 1675 - teacher pro electric pencil sharpener black,1675
5676,roocase executive portfolio red leather case cover with landscape portrait view for blackberry playbook tablet wi-fi 4g,
5677,blackberry playbook screen protector mybat,
5678,roocase 2n1 executive portfolio black leather case cover and 2-pack anti-glare screen protector for blackberry playbook tablet wi-fi 4g,
5679,roocase executive portfolio black leather case cover with landscape portrait view for blackberry playbook tablet wi-fi 4g,
5680,quartet 7693m - contour fabric bulletin board 36 x 24 mauve plastic burgundy frame,7693m
5681,quartet 7683g - oval office fabric bulletin board 36 x 24 gray,7683g
5683,swingline 87810 - optima grip full strip stapler 25-sheet capacity graphite,87810
5686,keyspan usa-28x external usb to serial adapter,usa-28x
5687,scotch bubble cushion wrap,
5693,new-smead 73395 - seven inch expansion pocket with tyvek straight letter manila redrope 5 box - smd73395,smd73395
5694,smead 75164 - 3 1 2 inch expansion end tab file pockets with tyvek letter manila 10 box,75164
5695,smead 73501 - expansion drop front file pockets straight tab poly letter red 4 box,73501
5696,new-smead 75164 - 3 1 2 inch expansion end tab file pockets with tyvek letter manila 10 box - smd75164,smd75164
5697,smead 75174 - 5 1 4 inch expansion end tab file pockets with tyvek letter manila 10 box,75174
5698,startech.com cisco console management router cable - serial cable - rj-45 m - db-9 f - 6 ft - blue 6ft rj45 to db9 cisco cons rtr cbl manufacturer part number db9concabl6,db9concabl6
5706,universal plasma mount 32 screens,
5710,b-121c paper shredder,b-121c
5712,crown mafg62bk - mat-a-dor entrance antifatigue mat rubber 36 x 72 black,mafg62bk
5713,crown mafg62bk - mat-a-dor entrance antifatigue mat rubber 36 x 72 black,mafg62bk
5714,deluxe leather case with built-in stand for apple ipad red,
5716,hde notebook laptop security steel cable lock with key,
5721,new-tops 99712 - classified colors notebook narrow rule 5-1 2 x 8-1 2 orchid 100 sheets - top99712,top99712
5729,powermat universal powercube wireless charging receiver with 7 tips,
5745,new-c9202kh toner 14000 page yield black case pack 1 - 516736,new-c9202kh
5748,raptor 000rapm3 m3x laser gaming mouse,000rapm3
5752,inland products 8563 iacc transparent iphone screen protector w wipe . high transparent material prevents scratching . no,8563
5762,eco-products epcc9sgs - greenstripe renewable resource compostable cold drink cups 9 oz . clr 1000 ctn,epcc9sgs
5763,eco-products epdlcc - compostable cold drink cup lids dome clear 1000 ctn,epdlcc
5765,redi-tag 81364 - arrow message page flags in dispenser missing information red 120 flags pack,81364
5766,redi-tag 81344 - arrow page flags in dispenser please sign and return red 120 flags,81344
5769,memorex 40x write-once cd-r for audio - 5 pack jewel cases,
5779,roocase executive leather portfolio magenta case cover with stand for samsung galaxy tab tablet p1000 wi-fi 3g,p1000
5791,41115 slr-60 data cartridge,41115
5798,new-zax 87303 pro series composite audio video cable 3 m - 87303,87303
5799,zax 87510 pro series rca audio cable 10 m,87510
5800,hello kitty 2.4 ghz wireless usb keyboard with 2.4 ghz wireless usb mouse and hello kitty mouse pad and hello kitty 2gb flash drive,
5806,new-ghent 19250 - triumph display easel adjust 36 to 62 high gray - ghe19250,ghe19250
5816,epson s041390 - premium glossy photo paper rolls 165 g 24 x 100 ft,s041390
5818,epson s041393 - premium semi-gloss photo paper 170 g 24 x 100 ft white,s041393
5822,ld canon cli221 yellow compatible inkjet cartridge w chip,cli221
5828,new-post-it flags ds420va - dispenser flags blue red yellow green 340 assorted-size flags pack - mmmds420va,mmmds420va
5830,new-weyerhaeuser company 85791 - multiuse premium paper 98 brightness 24lb 11 x 17 white 500 sheets ream - dmr85791,dmr85791
5831,new-weyerhaeuser company 85781 - multiuse premium paper 98 brightness 24lb 8-1 2 x 14 white 500 sheets ream - dmr85781,dmr85781
5833,mohawk 36101 - color copy gloss paper 96 brightness 32lb 8-1 2 x 11 white 500 sheets ream,
5834,blow molded case in black 13 x 18 x 4.25,
5835,blow molded case in black 10 x 13.5 x 3.25,
5837,hammermill 162032 - tidal mp copy 3-hole punched paper 92 brightness 20lb ltr white 5000 ctn,162032
5838,balt 89811 - fold-n-go workstation 27-1 2w x 29-1 2d x 29-1 2h black silver,89811
5839,balt 89811 - fold-n-go workstation 27-1 2w x 29-1 2d x 29-1 2h black silver,89811
5845,just mobile xtand for iphone ipod,
5847,new-hon 10716lnn - 10700 l workstation return left 3 4 pedestal 48w x 24d x 29-1 2h mahogany - hon10716lnn,hon10716lnn
5848,s j paper s11822 - reinforced file jackets two inch expansion legal 11 point manila 50 carton,s11822
5849,new-s j paper s11320 - file jackets with 1 1 2 inch expansion letter 11 point manila 50 box - sjps11320,sjps11320
5856,sun shade for samsung galaxy tab,
5862,new-avery 68083 - design edge presentation view binder 1-1 2 capacity metallic blue - ave68083,ave68083
5867,new-post-it notes pro2033 - notes professional series dispenser for 3 x 3 self-stick notes black base - mmmpro2033,mmmpro2033
5868,post-it pop-up notes super sticky r220ss - super sticky pop-up note dispenser for 2 x 2 self-stick notes black base,r220ss
5871,premium porcelain dry erase board,
5872,epson amer matte presentation paper 27 lbs . matte 8-1 2 x 11 100 sheets pack,
5875,full motion series medium articulating mount for 23 - 42 displays in black,
5876,rubbermaid 25001 - rotary desk organizer with supplies 10 diameter x 13 3 8 black,25001
5877,luxor laptop overhead workstation with shelf,
5882,new-wrist pillow foam keyboard platform wrist rest case pack 1 - 516275,516275
5886,iluv icc1112clr ipod nano 6g clear type protective film,icc1112clr
5888,iluv icc1112clr ipod nano 6g clear type protective film,icc1112clr
5893,new-101r00421 transfer unit case pack 1 - 518345,new-101r00421
5898,high power black carpeted picture king w keystone eliminator - av format size 50 x 50,
5899,adobe premiere pro cs 5.5 software for mac retail,
5900,master caster 00971 - big foot doorstop no-slip rubber wedge 2-1 4w x 4-3 4d x 1-1 4h brown 2 pack,00971
5905,boise 235162 - fireworx colored cover stock 110 lbs . 8-1 2 x 11 white 250 sheets,235162
5908,ata molded utility case 11.7 x 16.7 x 5.9,
5911,quartet pp132 - horizontal format planning system porcelain 36 x 24 graphite,pp132
5912,sony mdras30g sport neckband headphones,mdras30g
5916,quartet 51659312 - rewritables dry erase mini-markers fine point six colors 6 set,
5918,new-crown cu3672gy - cushion-step mat rubber 36 x 72 marbleized gray - cwncu3672gy,cwncu3672gy
5919,new-crown cu3660gy - cushion-step mat rubber 36 x 60 marbleized gray - cwncu3660gy,cwncu3660gy
5920,new-crown cu3660bk - cushion-step mat rubber 36 x 60 marbleized black - cwncu3660bk,cwncu3660bk
5921,crown cu3672bk - cushion-step mat rubber 36 x 72 marbleized black,cu3672bk
5922,new-crown cu3672bk - cushion-step mat rubber 36 x 72 marbleized black - cwncu3672bk,cwncu3672bk
5929,oki 52106001 - 52106001 ribbon black,52106001
5934,oxford 53442 - twin-pocket linen paper portfolio teal,53442
5935,oxford 57702 - twin-pocket portfolio tang clip letter 1 2 capacity blue 25 box,57702
5938,uniden 1360bk desktop caller id corded phone without answering system,1360bk
5942,pentel planetz automatic pencils counter display,
5943,penpd345a - quicker clicker automatic pencil,penpd345a
5944,energizer energizer a544 battery 1-pk - zero mercury - a544bpz,a544bpz
5945,new-2 .4 ghz wireless laser mouse with storable nano receiver - bh1631,bh1631
5948,edge - memory - 512 mb - so dimm 200-pin - ddr - 266 mhz pc2100 - unbuffered - non-ecc,pc2100
5949,cardinal 21110 - holdit self-adhesive multi-punched binder insert strips 25 strips pack,21110
5955,new-bankers box 00709 - stor file max lock storage box letter legal white blue 12 carton - fel00709,fel00709
5957,pc treasures 19652 sft adobe photoshop elements 9 premiere elements 9 windows mac version,
5965,ipod iphone power charger,
5966,new-basyx bl2145a1a1 - bl series return shell 48-1 4w x 24d x 29h medium cherry - bsxbl2145a1a1,bsxbl2145a1a1
5967,kimberly-clark professional 41029 - wypall x80 wipers 1 4-fold hydroknit 12 1 2 x 13 red 50 box 4 carton,
5968,startech.com,
5970,new-uniden d1680 dect 6.0 cordless phone system with answering system call waiting caller id single-handset system - unnd1680,unnd1680
5971,new-3 premium series usb 3.0 a b cable - cl4640,cl4640
5973,sirius xm 5v powerconnect vehicle power adapter,
5975,round stic medium 1.0 mm black ink ball pen - 10 pack,
5977,new-mead 06622 - spiral bound notebook college rule 8-1 2 x 11 white 100 sheets pad - mea06622,mea06622
5990,mohawk 36102 - color copy gloss paper 96 brightness 32lb 11 x 17 white 500 sheets ream,36102
5992,audiosource bc8 8 in-ceiling construction bracket mount,bc8
5993,audiosource bi5 5.25 in-wall construction bracket mount,bi5
6008,new clarion eqs746 half-din graphic equalizer with built-in crossover car stereo head units,eqs746
6010,action sports 4gb santa cruz surfdrive - archie,
6013,new-clover ccm636 ultra-mini color camera - cloccm636,cloccm636
6016,new-post-it c50 - notes dispenser with weighted base plastic 12 x 8 x 2 charcoal gray - mmmc50,mmmc50
6018,nuance pdf converter professional v6,
6020,targus red tg-ds500 dslr slr starter kit,tg-ds500
6028,merkury innovations mb-nc8gs merkury mb-nc8gs neoprene camera case sunrise gumball,mb-nc8gs
6029,new garmin 010-00777-00 foretrex 401 portable gps system gps,
6039,pelican storm im2306 case watertight padlockable case with multilayer cubed foam interior olive drab,im2306
6040,new-rolodex 67093 - petite covered tray card file holds 250 2 1 4 x 4 cards black - rol67093,rol67093
6042,new-hp cb278an - cb278an hp 57 ink 500 page-yield tri-color - hewcb278an,hewcb278an
6043,balt 89880 - flipper training table top rectangular 72w x 24d mahogany,89880
6050,smead 74231 - 3 1 2 inch expansion colored file pocket straight tab legal red 25 box,74231
6051,smead 73235 - 5 1 4 inch expansion colored file pocket straight tab letter blue,73235
6052,ko-101 video cable - 100 ft - white,ko-101
6057,da-lite infrared frequency remote control for horizon electrol 110 volt,
6060,new-trodat e4754 - trodat economy 5-in-1 stamp dater self-inking 1 5 8 x 1 blue red - usse4754,usse4754
6067,new-mmf industries 216070e13 - self-adhesive currency straps pink 250 in dollar bills 1000 bands box - mmf216070e13,mmf216070e13
6069,new-6-device voice activated universal remote control - cl4702,cl4702
6071,bic b411yw - brite liner highlighter chisel tip fluorescent yellow ink,b411yw
6072,new-expo 8474 - dry erase eraserxl with replaceable pad felt 10w x 2d - san8474,san8474
6076,post-it 686lgbr - durable file tabs 1 x 1 1 2 striped blue green red 66 pack,686lgbr
6077,post-it 686a1 - durable hanging file tabs 2 x 1 1 2 striped assorted colors 24 pack,686a1
6078,post-it 686f1 - durable file tabs 2 x 1 1 2 striped assorted standard colors 24 pack,686f1
6079,avery 09300 - durable slant easy insert ring view binder 1 capacity black,09300
6080,new-best-rite 33250 - wheasel easel adjustable melamine dry erase board 28 3 4 x 59 1 2 white - blt33250,blt33250
6083,ink hp 82 cyan ink cartridge-ch566a,ch566a
6087,da-lite scenic roller - projection screen - 4 3 - matte white,
6093,bic wosqpp418 - wite-out shake n squeeze correction pen 8 ml white 4 pack,wosqpp418
6097,kimberly-clark professional 02031 - scott 100 recycled fiber hard roll towels natural 8 x 800ft 12 carton,02031
6101,new-ml1610d2 toner drum black case pack 1 - 517881,new-ml1610d2
6102,pendaflex 4312 - hanging file folder tabs 1 3 tab 3 1 2 inch clear tab white insert 25 pack,
6103,new-tops 7573 - perforated pads legal rule lgl white 50 sheet pads dozen - top7573,top7573
6108,new-paperpro 1124 - desktop stapler 20-sheet capacity translucent red - aci1124,aci1124
6111,new-aurora products 20320 - elements eco-friendly round ring binder 1-1 2 capacity white - aua20320,aua20320
6117,new-avery 24286 - copper reinforced laminated tab dividers 12-tab jan-dec letter buff 12 set - ave24286,ave24286
6118,new-avery 11352 - gold reinforced leather tab dividers 31-tab 1-31 letter black 31 set - ave11352,ave11352
6123,new-lathem time vis6008 - vis6008 ribbon purple - lthvis6008,lthvis6008lthvis6008
6124,new-scotch c15bk - c15 desktop tape dispenser attached 1 core black - mmmc15bk,c15bk
6126,rubbermaid 96600ros - six-tier jumbo incline sorter plastic 9 3 8 x 10 1 2 x 7 3 8 clear,96600ros
6127,quality park 36217 - classic style invitation envelope contemporary 5 1 2 white 100 box,36217
6128,quality park 36226 - classic style invitation envelope contemporary 5 1 2 white 500 box,36226
6129,rolodex 67060 - petite open tray card file holds 125 2 1 4 x 4 cards black,67060
6135,new-1500va ups system smartonline rack - su1500rtxl2ua,su1500rtxl2ua
6136,crown wc3125sw - clean step dirt grabber mat 31-1 2 x 25-1 2 white,wc3125sw
6138,wilson jones s490 - visitor register book red hardcover 112 pages 8 1 2 x 11 1 2,s490
6140,office star ex81243 - 93 series leather visitors chair w loop arms black,ex81243
6141,office star ex81244 - 93 series leather visitors chair w loop arms burgundy,ex81244
